<?xml version="1.0" encoding="UTF-8"?>
<robot generated="20180907 20:33:43.700" generator="Robot 3.0.4 (Python 2.7.10 on darwin)">
<suite source="/Users/swapan/AutomationFramework/TestCases/tc3_verify_newsletter.txt" id="s1" name="TestCases">
<test id="s1-t1" name="TC3 Subscribe To News Letter And Verify">
<kw type="setup" name="Setting Up" library="Common_Keywords">
<kw name="Open Browser" library="ExtendedSelenium2Library">
<doc>Opens a new browser instance to given URL.</doc>
<arguments>
<arg>${test_URL}</arg>
<arg>${browser}</arg>
</arguments>
<msg timestamp="20180907 20:33:44.026" level="INFO">Opening browser 'Chrome' to base url 'http://magazine.trivago.com/'</msg>
<status status="PASS" endtime="20180907 20:34:21.290" starttime="20180907 20:33:44.026"></status>
</kw>
<kw name="Sleep" library="BuiltIn">
<doc>Pauses the test executed for the given time.</doc>
<arguments>
<arg>6</arg>
</arguments>
<msg timestamp="20180907 20:34:27.292" level="INFO">Slept 6 seconds</msg>
<status status="PASS" endtime="20180907 20:34:27.292" starttime="20180907 20:34:21.291"></status>
</kw>
<kw name="Set Selenium Speed" library="ExtendedSelenium2Library">
<doc>Sets the delay in seconds that is waited after each Selenium command.</doc>
<arguments>
<arg>1s</arg>
</arguments>
<status status="PASS" endtime="20180907 20:34:27.293" starttime="20180907 20:34:27.293"></status>
</kw>
<kw name="Register Keyword To Run On Failure" library="ExtendedSelenium2Library">
<doc>Sets the keyword to execute when a Selenium2Library keyword fails.</doc>
<arguments>
<arg>Failed Steps</arg>
</arguments>
<msg timestamp="20180907 20:34:27.294" level="INFO">Failed Steps will be run on failure.</msg>
<status status="PASS" endtime="20180907 20:34:27.294" starttime="20180907 20:34:27.294"></status>
</kw>
<status status="PASS" endtime="20180907 20:34:27.295" starttime="20180907 20:33:44.025"></status>
</kw>
<kw name="Wait Until Page Contains Element" library="ExtendedSelenium2Library">
<doc>Waits until element specified with `locator` appears on current page.</doc>
<arguments>
<arg>${Search_xpath}</arg>
<arg>30s</arg>
<arg>${error_mesg} ${Search_xpath}</arg>
</arguments>
<status status="PASS" endtime="20180907 20:34:28.319" starttime="20180907 20:34:27.296"></status>
</kw>
<kw name="Scroll Element Into View" library="ExtendedSelenium2Library">
<doc>Scrolls an element from given ``locator`` into view.</doc>
<arguments>
<arg>${NewsLetter_CheckBox_xpath}</arg>
</arguments>
<msg timestamp="20180907 20:34:28.320" level="INFO">Scrolling element '//input[@id="confirm"]' into view.</msg>
<status status="PASS" endtime="20180907 20:34:30.367" starttime="20180907 20:34:28.320"></status>
</kw>
<kw name="Click Element" library="ExtendedSelenium2Library">
<doc>Clicks an element identified by ``locator``.</doc>
<arguments>
<arg>${NewsLetter_CheckBox_xpath}</arg>
</arguments>
<msg timestamp="20180907 20:34:30.369" level="INFO">Clicking element '//input[@id="confirm"]'.</msg>
<status status="PASS" endtime="20180907 20:34:36.009" starttime="20180907 20:34:30.368"></status>
</kw>
<kw name="Input Text" library="ExtendedSelenium2Library">
<doc>Types the given `text` into text field identified by `locator`.</doc>
<arguments>
<arg>${NewsLetter_Email_xpath}</arg>
<arg>${test_email}</arg>
</arguments>
<msg timestamp="20180907 20:34:36.010" level="INFO">Typing text 'test.test1234567@gmail.com' into text field '//div[@class="newsletter-email"]/input[@class="et-email"]'</msg>
<status status="PASS" endtime="20180907 20:34:43.414" starttime="20180907 20:34:36.010"></status>
</kw>
<kw name="Sleep" library="BuiltIn">
<doc>Pauses the test executed for the given time.</doc>
<arguments>
<arg>2s</arg>
</arguments>
<msg timestamp="20180907 20:34:45.415" level="INFO">Slept 2 seconds</msg>
<status status="PASS" endtime="20180907 20:34:45.415" starttime="20180907 20:34:43.414"></status>
</kw>
<kw name="Click Element" library="ExtendedSelenium2Library">
<doc>Clicks an element identified by ``locator``.</doc>
<arguments>
<arg>${NewsLetter_InspireMe_xpath}</arg>
</arguments>
<msg timestamp="20180907 20:34:45.416" level="INFO">Clicking element '//div[@class="newsletter-submit"]/button'.</msg>
<status status="PASS" endtime="20180907 20:34:51.051" starttime="20180907 20:34:45.416"></status>
</kw>
<kw name="Sleep" library="BuiltIn">
<doc>Pauses the test executed for the given time.</doc>
<arguments>
<arg>10s</arg>
</arguments>
<msg timestamp="20180907 20:35:01.054" level="INFO">Slept 10 seconds</msg>
<status status="PASS" endtime="20180907 20:35:01.054" starttime="20180907 20:34:51.052"></status>
</kw>
<kw name="Reload Page" library="ExtendedSelenium2Library">
<doc>Simulates user reloading page.</doc>
<status status="PASS" endtime="20180907 20:35:04.195" starttime="20180907 20:35:01.055"></status>
</kw>
<kw name="Page Should Not Contain Element" library="ExtendedSelenium2Library">
<doc>Verifies element identified by `locator` is not found on the current page.</doc>
<arguments>
<arg>${NewsLetter_InspireMe_xpath}</arg>
</arguments>
<msg timestamp="20180907 20:35:17.242" level="INFO">Current page does not contain element '//div[@class="newsletter-submit"]/button'.</msg>
<status status="PASS" endtime="20180907 20:35:17.242" starttime="20180907 20:35:04.196"></status>
</kw>
<kw name="Log" library="BuiltIn">
<doc>Logs the given message with the given level.</doc>
<arguments>
<arg>Subscription Successfully verified</arg>
</arguments>
<msg timestamp="20180907 20:35:17.243" level="INFO">Subscription Successfully verified</msg>
<status status="PASS" endtime="20180907 20:35:17.244" starttime="20180907 20:35:17.243"></status>
</kw>
<kw type="teardown" name="TearDown Steps" library="Common_Keywords">
<kw name="Close Browser" library="ExtendedSelenium2Library">
<doc>Closes the current browser.</doc>
<status status="PASS" endtime="20180907 20:35:18.323" starttime="20180907 20:35:17.245"></status>
</kw>
<status status="PASS" endtime="20180907 20:35:18.323" starttime="20180907 20:35:17.244"></status>
</kw>
<doc>Subscribe To News Letter And Verify</doc>
<status status="PASS" endtime="20180907 20:35:18.323" critical="yes" starttime="20180907 20:33:44.024"></status>
</test>
<status status="PASS" endtime="20180907 20:35:18.325" starttime="20180907 20:33:43.703"></status>
</suite>
<statistics>
<total>
<stat fail="0" pass="1">Critical Tests</stat>
<stat fail="0" pass="1">All Tests</stat>
</total>
<tag>
</tag>
<suite>
<stat fail="0" id="s1" name="TestCases" pass="1">TestCases</stat>
</suite>
</statistics>
<errors>
</errors>
</robot>
