<?xml version="1.0" encoding="UTF-8"?>
<robot generated="20180907 20:13:21.412" generator="Robot 3.0.4 (Python 2.7.10 on darwin)">
<suite source="/Users/swapan/AutomationFramework/TestCases/tc2_submit_contact.txt" id="s1" name="TestCases">
<test id="s1-t1" name="TC2 Submit Contact">
<kw type="setup" name="Setting Up" library="Common_Keywords">
<kw name="Open Browser" library="ExtendedSelenium2Library">
<doc>Opens a new browser instance to given URL.</doc>
<arguments>
<arg>${test_URL}</arg>
<arg>${browser}</arg>
</arguments>
<msg timestamp="20180907 20:13:21.618" level="INFO">Opening browser 'Chrome' to base url 'http://magazine.trivago.com/'</msg>
<kw name="Capture Page Screenshot" library="ExtendedSelenium2Library">
<doc>Takes a screenshot of the current page and embeds it into the log.</doc>
<status status="FAIL" endtime="20180907 20:13:25.310" starttime="20180907 20:13:25.309"></status>
</kw>
<msg timestamp="20180907 20:13:25.311" level="WARN">Keyword 'Capture Page Screenshot' could not be run on failure: Execution terminated by signal</msg>
<status status="FAIL" endtime="20180907 20:13:25.311" starttime="20180907 20:13:21.618"></status>
</kw>
<status status="FAIL" endtime="20180907 20:13:25.312" starttime="20180907 20:13:21.618"></status>
</kw>
<kw type="teardown" name="TearDown Steps" library="Common_Keywords">
<kw name="Close Browser" library="ExtendedSelenium2Library">
<doc>Closes the current browser.</doc>
<status status="PASS" endtime="20180907 20:13:25.324" starttime="20180907 20:13:25.314"></status>
</kw>
<status status="PASS" endtime="20180907 20:13:25.325" starttime="20180907 20:13:25.313"></status>
</kw>
<doc>Navigate to Contact Form And Verify</doc>
<status status="FAIL" endtime="20180907 20:13:25.325" critical="yes" starttime="20180907 20:13:21.617">Setup failed:
Execution terminated by signal</status>
</test>
<status status="FAIL" endtime="20180907 20:13:25.327" starttime="20180907 20:13:21.415"></status>
</suite>
<statistics>
<total>
<stat fail="1" pass="0">Critical Tests</stat>
<stat fail="1" pass="0">All Tests</stat>
</total>
<tag>
</tag>
<suite>
<stat fail="1" id="s1" name="TestCases" pass="0">TestCases</stat>
</suite>
</statistics>
<errors>
<msg timestamp="20180907 20:13:21.408" level="ERROR">Error in file '/Users/swapan/AutomationFramework/TestCases/tc2_submit_contact.txt': Non-existing setting '${Message_Sent_xpath}='.</msg>
<msg timestamp="20180907 20:13:25.311" level="WARN">Keyword 'Capture Page Screenshot' could not be run on failure: Execution terminated by signal</msg>
</errors>
</robot>
