<?xml version="1.0" encoding="UTF-8"?>
<robot generated="20180907 19:01:35.891" generator="Robot 3.0.4 (Python 2.7.10 on darwin)">
<suite source="/Users/swapan/AutomationFramework/TestCases/tc1_verify_search.txt" id="s1" name="TestCases">
<test id="s1-t1" name="TC1 Verify Search">
<kw type="setup" name="Setting Up" library="Common_Keywords">
<kw name="Open Browser" library="ExtendedSelenium2Library">
<doc>Opens a new browser instance to given URL.</doc>
<arguments>
<arg>${test_URL}</arg>
<arg>${browser}</arg>
</arguments>
<msg timestamp="20180907 19:01:36.573" level="INFO">Opening browser 'Chrome' to base url 'http://magazine.trivago.com/'</msg>
<status status="PASS" endtime="20180907 19:02:00.089" starttime="20180907 19:01:36.572"></status>
</kw>
<kw name="Sleep" library="BuiltIn">
<doc>Pauses the test executed for the given time.</doc>
<arguments>
<arg>6</arg>
</arguments>
<msg timestamp="20180907 19:02:06.093" level="INFO">Slept 6 seconds</msg>
<status status="PASS" endtime="20180907 19:02:06.093" starttime="20180907 19:02:00.089"></status>
</kw>
<kw name="Set Selenium Speed" library="ExtendedSelenium2Library">
<doc>Sets the delay in seconds that is waited after each Selenium command.</doc>
<arguments>
<arg>1s</arg>
</arguments>
<status status="PASS" endtime="20180907 19:02:06.094" starttime="20180907 19:02:06.094"></status>
</kw>
<kw name="Register Keyword To Run On Failure" library="ExtendedSelenium2Library">
<doc>Sets the keyword to execute when a Selenium2Library keyword fails.</doc>
<arguments>
<arg>Failed Steps</arg>
</arguments>
<msg timestamp="20180907 19:02:06.095" level="INFO">Failed Steps will be run on failure.</msg>
<status status="PASS" endtime="20180907 19:02:06.095" starttime="20180907 19:02:06.095"></status>
</kw>
<status status="PASS" endtime="20180907 19:02:06.096" starttime="20180907 19:01:36.572"></status>
</kw>
<kw name="Wait And Click On Element" library="Common_Keywords">
<doc>Wait till 30 sec and click if element found</doc>
<arguments>
<arg>${Search_xpath}</arg>
</arguments>
<kw name="Wait Until Page Contains Element" library="ExtendedSelenium2Library">
<doc>Waits until element specified with `locator` appears on current page.</doc>
<arguments>
<arg>${Element_xpath}</arg>
<arg>30s</arg>
<arg>${error_mesg} ${Element_xpath}</arg>
</arguments>
<status status="PASS" endtime="20180907 19:02:07.125" starttime="20180907 19:02:06.098"></status>
</kw>
<kw name="Click Element" library="ExtendedSelenium2Library">
<doc>Clicks an element identified by ``locator``.</doc>
<arguments>
<arg>${Element_xpath}</arg>
</arguments>
<msg timestamp="20180907 19:02:07.126" level="INFO">Clicking element '//div[@class="search-icon"]'.</msg>
<status status="PASS" endtime="20180907 19:02:12.788" starttime="20180907 19:02:07.126"></status>
</kw>
<status status="PASS" endtime="20180907 19:02:12.788" starttime="20180907 19:02:06.097"></status>
</kw>
<kw name="Wait Until Page Contains Element" library="ExtendedSelenium2Library">
<doc>Waits until element specified with `locator` appears on current page.</doc>
<arguments>
<arg>${Search_TextBox_xpath}</arg>
<arg>30s</arg>
<arg>${error_mesg} ${Search_TextBox_xpath}</arg>
</arguments>
<status status="PASS" endtime="20180907 19:02:13.809" starttime="20180907 19:02:12.789"></status>
</kw>
<kw name="Input Text" library="ExtendedSelenium2Library">
<doc>Types the given `text` into text field identified by `locator`.</doc>
<arguments>
<arg>${Search_TextBox_xpath}</arg>
<arg>${location}</arg>
</arguments>
<msg timestamp="20180907 19:02:13.811" level="INFO">Typing text 'Midwest' into text field '//input[@class="input search-input"]'</msg>
<status status="PASS" endtime="20180907 19:02:21.042" starttime="20180907 19:02:13.810"></status>
</kw>
<kw name="Press Key" library="ExtendedSelenium2Library">
<doc>Simulates user pressing key on element identified by `locator`.</doc>
<arguments>
<arg>${Search_TextBox_xpath}</arg>
<arg>\\13</arg>
</arguments>
<status status="PASS" endtime="20180907 19:02:23.117" starttime="20180907 19:02:21.043"></status>
</kw>
<kw name="Wait Until Page Contains Element" library="ExtendedSelenium2Library">
<doc>Waits until element specified with `locator` appears on current page.</doc>
<arguments>
<arg>${Search_Result_xpath}</arg>
<arg>30s</arg>
<arg>${error_mesg} ${Search_Result_xpath}</arg>
</arguments>
<status status="PASS" endtime="20180907 19:02:24.465" starttime="20180907 19:02:23.118"></status>
</kw>
<kw name="Log" library="BuiltIn">
<doc>Logs the given message with the given level.</doc>
<arguments>
<arg>Search result successfully verified</arg>
</arguments>
<msg timestamp="20180907 19:02:24.467" level="INFO">Search result successfully verified</msg>
<status status="PASS" endtime="20180907 19:02:24.468" starttime="20180907 19:02:24.466"></status>
</kw>
<kw type="teardown" name="TearDown Steps" library="Common_Keywords">
<kw name="Close Browser" library="ExtendedSelenium2Library">
<doc>Closes the current browser.</doc>
<status status="PASS" endtime="20180907 19:02:26.544" starttime="20180907 19:02:24.470"></status>
</kw>
<status status="PASS" endtime="20180907 19:02:26.545" starttime="20180907 19:02:24.469"></status>
</kw>
<doc>Verify Search By Entering A Location</doc>
<status status="PASS" endtime="20180907 19:02:26.545" critical="yes" starttime="20180907 19:01:36.570"></status>
</test>
<status status="PASS" endtime="20180907 19:02:26.547" starttime="20180907 19:01:35.897"></status>
</suite>
<statistics>
<total>
<stat fail="0" pass="1">Critical Tests</stat>
<stat fail="0" pass="1">All Tests</stat>
</total>
<tag>
</tag>
<suite>
<stat fail="0" id="s1" name="TestCases" pass="1">TestCases</stat>
</suite>
</statistics>
<errors>
</errors>
</robot>
