<?xml version="1.0" encoding="UTF-8"?>
<robot generated="20180907 21:02:33.132" generator="Robot 3.0.4 (Python 2.7.10 on darwin)">
<suite source="/Users/swapan/AutomationFramework/TestCases/tc6_verify_countries.txt" id="s1" name="TestCases">
<test id="s1-t1" name="TC6 Navigate To Country Drop Down And Verify All Urls">
<kw type="setup" name="Setting Up" library="Common_Keywords">
<kw name="Open Browser" library="ExtendedSelenium2Library">
<doc>Opens a new browser instance to given URL.</doc>
<arguments>
<arg>${test_URL}</arg>
<arg>${browser}</arg>
</arguments>
<msg timestamp="20180907 21:02:33.826" level="INFO">Opening browser 'Chrome' to base url 'http://magazine.trivago.com/'</msg>
<status status="PASS" endtime="20180907 21:02:54.289" starttime="20180907 21:02:33.826"></status>
</kw>
<kw name="Sleep" library="BuiltIn">
<doc>Pauses the test executed for the given time.</doc>
<arguments>
<arg>6</arg>
</arguments>
<msg timestamp="20180907 21:03:00.290" level="INFO">Slept 6 seconds</msg>
<status status="PASS" endtime="20180907 21:03:00.291" starttime="20180907 21:02:54.289"></status>
</kw>
<kw name="Set Selenium Speed" library="ExtendedSelenium2Library">
<doc>Sets the delay in seconds that is waited after each Selenium command.</doc>
<arguments>
<arg>1s</arg>
</arguments>
<status status="PASS" endtime="20180907 21:03:00.292" starttime="20180907 21:03:00.291"></status>
</kw>
<kw name="Register Keyword To Run On Failure" library="ExtendedSelenium2Library">
<doc>Sets the keyword to execute when a Selenium2Library keyword fails.</doc>
<arguments>
<arg>Failed Steps</arg>
</arguments>
<msg timestamp="20180907 21:03:00.292" level="INFO">Failed Steps will be run on failure.</msg>
<status status="PASS" endtime="20180907 21:03:00.293" starttime="20180907 21:03:00.292"></status>
</kw>
<status status="PASS" endtime="20180907 21:03:00.293" starttime="20180907 21:02:33.825"></status>
</kw>
<kw name="Scroll Element Into View" library="ExtendedSelenium2Library">
<doc>Scrolls an element from given ``locator`` into view.</doc>
<arguments>
<arg>${Country_Option_xpath}</arg>
</arguments>
<msg timestamp="20180907 21:03:00.295" level="INFO">Scrolling element '//select[@class="locales-dropdown"]/option' into view.</msg>
<status status="PASS" endtime="20180907 21:03:02.330" starttime="20180907 21:03:00.294"></status>
</kw>
<kw name="Sleep" library="BuiltIn">
<doc>Pauses the test executed for the given time.</doc>
<arguments>
<arg>2s</arg>
</arguments>
<msg timestamp="20180907 21:03:04.334" level="INFO">Slept 2 seconds</msg>
<status status="PASS" endtime="20180907 21:03:04.334" starttime="20180907 21:03:02.331"></status>
</kw>
<kw name="Get Webelements" library="ExtendedSelenium2Library">
<doc>Returns list of WebElement objects matching locator.</doc>
<arguments>
<arg>${Country_Option_xpath}</arg>
</arguments>
<assign>
<var>@{countries_url_list}</var>
</assign>
<msg timestamp="20180907 21:03:05.359" level="INFO">@{countries_url_list} = [ &lt;selenium.webdriver.remote.webelement.WebElement (session="acf8c55e7e5504c205e59dc157394326", element="0.5948170468757663-2")&gt; | &lt;selenium.webdriver.remote.webelement.WebElement (session="acf8c55e7e...</msg>
<status status="PASS" endtime="20180907 21:03:05.359" starttime="20180907 21:03:04.335"></status>
</kw>
<kw name="Create List" library="BuiltIn">
<doc>Returns a list containing given items.</doc>
<assign>
<var>@{url_list}</var>
</assign>
<msg timestamp="20180907 21:03:05.360" level="INFO">@{url_list} = [ ]</msg>
<status status="PASS" endtime="20180907 21:03:05.360" starttime="20180907 21:03:05.360"></status>
</kw>
<kw type="for" name="${ELEMENT} IN [ @{countries_url_list} ]">
<kw type="foritem" name="${ELEMENT} = &lt;selenium.webdriver.remote.webelement.WebElement (session=&quot;acf8c55e7e5504c205e59dc157394326&quot;, element=&quot;0.5948170468757663-2&quot;)&gt;">
<kw name="Check Url" library="ApplicationLibrary">
<arguments>
<arg>${ELEMENT.get_attribute('value')}</arg>
</arguments>
<status status="PASS" endtime="20180907 21:03:08.084" starttime="20180907 21:03:05.362"></status>
</kw>
<status status="PASS" endtime="20180907 21:03:08.084" starttime="20180907 21:03:05.361"></status>
</kw>
<kw type="foritem" name="${ELEMENT} = &lt;selenium.webdriver.remote.webelement.WebElement (session=&quot;acf8c55e7e5504c205e59dc157394326&quot;, element=&quot;0.5948170468757663-3&quot;)&gt;">
<kw name="Check Url" library="ApplicationLibrary">
<arguments>
<arg>${ELEMENT.get_attribute('value')}</arg>
</arguments>
<status status="PASS" endtime="20180907 21:03:11.325" starttime="20180907 21:03:08.084"></status>
</kw>
<status status="PASS" endtime="20180907 21:03:11.325" starttime="20180907 21:03:08.084"></status>
</kw>
<kw type="foritem" name="${ELEMENT} = &lt;selenium.webdriver.remote.webelement.WebElement (session=&quot;acf8c55e7e5504c205e59dc157394326&quot;, element=&quot;0.5948170468757663-4&quot;)&gt;">
<kw name="Check Url" library="ApplicationLibrary">
<arguments>
<arg>${ELEMENT.get_attribute('value')}</arg>
</arguments>
<status status="PASS" endtime="20180907 21:03:14.524" starttime="20180907 21:03:11.325"></status>
</kw>
<status status="PASS" endtime="20180907 21:03:14.524" starttime="20180907 21:03:11.325"></status>
</kw>
<kw type="foritem" name="${ELEMENT} = &lt;selenium.webdriver.remote.webelement.WebElement (session=&quot;acf8c55e7e5504c205e59dc157394326&quot;, element=&quot;0.5948170468757663-5&quot;)&gt;">
<kw name="Check Url" library="ApplicationLibrary">
<arguments>
<arg>${ELEMENT.get_attribute('value')}</arg>
</arguments>
<status status="PASS" endtime="20180907 21:03:17.725" starttime="20180907 21:03:14.524"></status>
</kw>
<status status="PASS" endtime="20180907 21:03:17.725" starttime="20180907 21:03:14.524"></status>
</kw>
<kw type="foritem" name="${ELEMENT} = &lt;selenium.webdriver.remote.webelement.WebElement (session=&quot;acf8c55e7e5504c205e59dc157394326&quot;, element=&quot;0.5948170468757663-6&quot;)&gt;">
<kw name="Check Url" library="ApplicationLibrary">
<arguments>
<arg>${ELEMENT.get_attribute('value')}</arg>
</arguments>
<status status="PASS" endtime="20180907 21:03:19.324" starttime="20180907 21:03:17.726"></status>
</kw>
<status status="PASS" endtime="20180907 21:03:19.324" starttime="20180907 21:03:17.726"></status>
</kw>
<kw type="foritem" name="${ELEMENT} = &lt;selenium.webdriver.remote.webelement.WebElement (session=&quot;acf8c55e7e5504c205e59dc157394326&quot;, element=&quot;0.5948170468757663-7&quot;)&gt;">
<kw name="Check Url" library="ApplicationLibrary">
<arguments>
<arg>${ELEMENT.get_attribute('value')}</arg>
</arguments>
<status status="PASS" endtime="20180907 21:03:24.404" starttime="20180907 21:03:19.325"></status>
</kw>
<status status="PASS" endtime="20180907 21:03:24.404" starttime="20180907 21:03:19.324"></status>
</kw>
<kw type="foritem" name="${ELEMENT} = &lt;selenium.webdriver.remote.webelement.WebElement (session=&quot;acf8c55e7e5504c205e59dc157394326&quot;, element=&quot;0.5948170468757663-8&quot;)&gt;">
<kw name="Check Url" library="ApplicationLibrary">
<arguments>
<arg>${ELEMENT.get_attribute('value')}</arg>
</arguments>
<status status="PASS" endtime="20180907 21:03:28.284" starttime="20180907 21:03:24.405"></status>
</kw>
<status status="PASS" endtime="20180907 21:03:28.285" starttime="20180907 21:03:24.404"></status>
</kw>
<kw type="foritem" name="${ELEMENT} = &lt;selenium.webdriver.remote.webelement.WebElement (session=&quot;acf8c55e7e5504c205e59dc157394326&quot;, element=&quot;0.5948170468757663-9&quot;)&gt;">
<kw name="Check Url" library="ApplicationLibrary">
<arguments>
<arg>${ELEMENT.get_attribute('value')}</arg>
</arguments>
<status status="PASS" endtime="20180907 21:03:31.165" starttime="20180907 21:03:28.285"></status>
</kw>
<status status="PASS" endtime="20180907 21:03:31.165" starttime="20180907 21:03:28.285"></status>
</kw>
<kw type="foritem" name="${ELEMENT} = &lt;selenium.webdriver.remote.webelement.WebElement (session=&quot;acf8c55e7e5504c205e59dc157394326&quot;, element=&quot;0.5948170468757663-10&quot;)&gt;">
<kw name="Check Url" library="ApplicationLibrary">
<arguments>
<arg>${ELEMENT.get_attribute('value')}</arg>
</arguments>
<status status="PASS" endtime="20180907 21:03:34.945" starttime="20180907 21:03:31.166"></status>
</kw>
<status status="PASS" endtime="20180907 21:03:34.945" starttime="20180907 21:03:31.166"></status>
</kw>
<kw type="foritem" name="${ELEMENT} = &lt;selenium.webdriver.remote.webelement.WebElement (session=&quot;acf8c55e7e5504c205e59dc157394326&quot;, element=&quot;0.5948170468757663-11&quot;)&gt;">
<kw name="Check Url" library="ApplicationLibrary">
<arguments>
<arg>${ELEMENT.get_attribute('value')}</arg>
</arguments>
<status status="PASS" endtime="20180907 21:03:38.726" starttime="20180907 21:03:34.946"></status>
</kw>
<status status="PASS" endtime="20180907 21:03:38.726" starttime="20180907 21:03:34.946"></status>
</kw>
<kw type="foritem" name="${ELEMENT} = &lt;selenium.webdriver.remote.webelement.WebElement (session=&quot;acf8c55e7e5504c205e59dc157394326&quot;, element=&quot;0.5948170468757663-12&quot;)&gt;">
<kw name="Check Url" library="ApplicationLibrary">
<arguments>
<arg>${ELEMENT.get_attribute('value')}</arg>
</arguments>
<status status="PASS" endtime="20180907 21:03:41.727" starttime="20180907 21:03:38.726"></status>
</kw>
<status status="PASS" endtime="20180907 21:03:41.727" starttime="20180907 21:03:38.726"></status>
</kw>
<kw type="foritem" name="${ELEMENT} = &lt;selenium.webdriver.remote.webelement.WebElement (session=&quot;acf8c55e7e5504c205e59dc157394326&quot;, element=&quot;0.5948170468757663-13&quot;)&gt;">
<kw name="Check Url" library="ApplicationLibrary">
<arguments>
<arg>${ELEMENT.get_attribute('value')}</arg>
</arguments>
<status status="PASS" endtime="20180907 21:03:44.520" starttime="20180907 21:03:41.727"></status>
</kw>
<status status="PASS" endtime="20180907 21:03:44.520" starttime="20180907 21:03:41.727"></status>
</kw>
<kw type="foritem" name="${ELEMENT} = &lt;selenium.webdriver.remote.webelement.WebElement (session=&quot;acf8c55e7e5504c205e59dc157394326&quot;, element=&quot;0.5948170468757663-14&quot;)&gt;">
<kw name="Check Url" library="ApplicationLibrary">
<arguments>
<arg>${ELEMENT.get_attribute('value')}</arg>
</arguments>
<status status="PASS" endtime="20180907 21:03:50.045" starttime="20180907 21:03:44.521"></status>
</kw>
<status status="PASS" endtime="20180907 21:03:50.045" starttime="20180907 21:03:44.520"></status>
</kw>
<kw type="foritem" name="${ELEMENT} = &lt;selenium.webdriver.remote.webelement.WebElement (session=&quot;acf8c55e7e5504c205e59dc157394326&quot;, element=&quot;0.5948170468757663-15&quot;)&gt;">
<kw name="Check Url" library="ApplicationLibrary">
<arguments>
<arg>${ELEMENT.get_attribute('value')}</arg>
</arguments>
<status status="PASS" endtime="20180907 21:03:52.604" starttime="20180907 21:03:50.046"></status>
</kw>
<status status="PASS" endtime="20180907 21:03:52.604" starttime="20180907 21:03:50.046"></status>
</kw>
<kw type="foritem" name="${ELEMENT} = &lt;selenium.webdriver.remote.webelement.WebElement (session=&quot;acf8c55e7e5504c205e59dc157394326&quot;, element=&quot;0.5948170468757663-16&quot;)&gt;">
<kw name="Check Url" library="ApplicationLibrary">
<arguments>
<arg>${ELEMENT.get_attribute('value')}</arg>
</arguments>
<status status="PASS" endtime="20180907 21:03:54.846" starttime="20180907 21:03:52.605"></status>
</kw>
<status status="PASS" endtime="20180907 21:03:54.846" starttime="20180907 21:03:52.604"></status>
</kw>
<kw type="foritem" name="${ELEMENT} = &lt;selenium.webdriver.remote.webelement.WebElement (session=&quot;acf8c55e7e5504c205e59dc157394326&quot;, element=&quot;0.5948170468757663-17&quot;)&gt;">
<kw name="Check Url" library="ApplicationLibrary">
<arguments>
<arg>${ELEMENT.get_attribute('value')}</arg>
</arguments>
<status status="PASS" endtime="20180907 21:03:59.964" starttime="20180907 21:03:54.847"></status>
</kw>
<status status="PASS" endtime="20180907 21:03:59.964" starttime="20180907 21:03:54.847"></status>
</kw>
<kw type="foritem" name="${ELEMENT} = &lt;selenium.webdriver.remote.webelement.WebElement (session=&quot;acf8c55e7e5504c205e59dc157394326&quot;, element=&quot;0.5948170468757663-18&quot;)&gt;">
<kw name="Check Url" library="ApplicationLibrary">
<arguments>
<arg>${ELEMENT.get_attribute('value')}</arg>
</arguments>
<status status="PASS" endtime="20180907 21:04:05.403" starttime="20180907 21:03:59.965"></status>
</kw>
<status status="PASS" endtime="20180907 21:04:05.403" starttime="20180907 21:03:59.964"></status>
</kw>
<kw type="foritem" name="${ELEMENT} = &lt;selenium.webdriver.remote.webelement.WebElement (session=&quot;acf8c55e7e5504c205e59dc157394326&quot;, element=&quot;0.5948170468757663-19&quot;)&gt;">
<kw name="Check Url" library="ApplicationLibrary">
<arguments>
<arg>${ELEMENT.get_attribute('value')}</arg>
</arguments>
<status status="PASS" endtime="20180907 21:04:07.501" starttime="20180907 21:04:05.403"></status>
</kw>
<status status="PASS" endtime="20180907 21:04:07.501" starttime="20180907 21:04:05.403"></status>
</kw>
<kw type="foritem" name="${ELEMENT} = &lt;selenium.webdriver.remote.webelement.WebElement (session=&quot;acf8c55e7e5504c205e59dc157394326&quot;, element=&quot;0.5948170468757663-20&quot;)&gt;">
<kw name="Check Url" library="ApplicationLibrary">
<arguments>
<arg>${ELEMENT.get_attribute('value')}</arg>
</arguments>
<status status="PASS" endtime="20180907 21:04:15.644" starttime="20180907 21:04:07.502"></status>
</kw>
<status status="PASS" endtime="20180907 21:04:15.644" starttime="20180907 21:04:07.502"></status>
</kw>
<kw type="foritem" name="${ELEMENT} = &lt;selenium.webdriver.remote.webelement.WebElement (session=&quot;acf8c55e7e5504c205e59dc157394326&quot;, element=&quot;0.5948170468757663-21&quot;)&gt;">
<kw name="Check Url" library="ApplicationLibrary">
<arguments>
<arg>${ELEMENT.get_attribute('value')}</arg>
</arguments>
<status status="PASS" endtime="20180907 21:04:18.000" starttime="20180907 21:04:15.645"></status>
</kw>
<status status="PASS" endtime="20180907 21:04:18.000" starttime="20180907 21:04:15.644"></status>
</kw>
<kw type="foritem" name="${ELEMENT} = &lt;selenium.webdriver.remote.webelement.WebElement (session=&quot;acf8c55e7e5504c205e59dc157394326&quot;, element=&quot;0.5948170468757663-22&quot;)&gt;">
<kw name="Check Url" library="ApplicationLibrary">
<arguments>
<arg>${ELEMENT.get_attribute('value')}</arg>
</arguments>
<status status="PASS" endtime="20180907 21:04:20.783" starttime="20180907 21:04:18.001"></status>
</kw>
<status status="PASS" endtime="20180907 21:04:20.783" starttime="20180907 21:04:18.001"></status>
</kw>
<kw type="foritem" name="${ELEMENT} = &lt;selenium.webdriver.remote.webelement.WebElement (session=&quot;acf8c55e7e5504c205e59dc157394326&quot;, element=&quot;0.5948170468757663-23&quot;)&gt;">
<kw name="Check Url" library="ApplicationLibrary">
<arguments>
<arg>${ELEMENT.get_attribute('value')}</arg>
</arguments>
<status status="PASS" endtime="20180907 21:04:23.645" starttime="20180907 21:04:20.784"></status>
</kw>
<status status="PASS" endtime="20180907 21:04:23.645" starttime="20180907 21:04:20.783"></status>
</kw>
<kw type="foritem" name="${ELEMENT} = &lt;selenium.webdriver.remote.webelement.WebElement (session=&quot;acf8c55e7e5504c205e59dc157394326&quot;, element=&quot;0.5948170468757663-24&quot;)&gt;">
<kw name="Check Url" library="ApplicationLibrary">
<arguments>
<arg>${ELEMENT.get_attribute('value')}</arg>
</arguments>
<status status="PASS" endtime="20180907 21:04:25.885" starttime="20180907 21:04:23.645"></status>
</kw>
<status status="PASS" endtime="20180907 21:04:25.885" starttime="20180907 21:04:23.645"></status>
</kw>
<kw type="foritem" name="${ELEMENT} = &lt;selenium.webdriver.remote.webelement.WebElement (session=&quot;acf8c55e7e5504c205e59dc157394326&quot;, element=&quot;0.5948170468757663-25&quot;)&gt;">
<kw name="Check Url" library="ApplicationLibrary">
<arguments>
<arg>${ELEMENT.get_attribute('value')}</arg>
</arguments>
<status status="PASS" endtime="20180907 21:04:30.685" starttime="20180907 21:04:25.886"></status>
</kw>
<status status="PASS" endtime="20180907 21:04:30.685" starttime="20180907 21:04:25.885"></status>
</kw>
<kw type="foritem" name="${ELEMENT} = &lt;selenium.webdriver.remote.webelement.WebElement (session=&quot;acf8c55e7e5504c205e59dc157394326&quot;, element=&quot;0.5948170468757663-26&quot;)&gt;">
<kw name="Check Url" library="ApplicationLibrary">
<arguments>
<arg>${ELEMENT.get_attribute('value')}</arg>
</arguments>
<status status="PASS" endtime="20180907 21:04:33.792" starttime="20180907 21:04:30.685"></status>
</kw>
<status status="PASS" endtime="20180907 21:04:33.792" starttime="20180907 21:04:30.685"></status>
</kw>
<status status="PASS" endtime="20180907 21:04:33.792" starttime="20180907 21:03:05.361"></status>
</kw>
<kw name="Log" library="BuiltIn">
<doc>Logs the given message with the given level.</doc>
<arguments>
<arg>Verified All Countries Page Redirections</arg>
</arguments>
<msg timestamp="20180907 21:04:33.793" level="INFO">Verified All Countries Page Redirections</msg>
<status status="PASS" endtime="20180907 21:04:33.793" starttime="20180907 21:04:33.793"></status>
</kw>
<kw type="teardown" name="TearDown Steps" library="Common_Keywords">
<kw name="Close Browser" library="ExtendedSelenium2Library">
<doc>Closes the current browser.</doc>
<status status="PASS" endtime="20180907 21:04:34.863" starttime="20180907 21:04:33.795"></status>
</kw>
<status status="PASS" endtime="20180907 21:04:34.863" starttime="20180907 21:04:33.794"></status>
</kw>
<doc>Navigate To Country Drop Down And Verify All Urls</doc>
<status status="PASS" endtime="20180907 21:04:34.863" critical="yes" starttime="20180907 21:02:33.823"></status>
</test>
<status status="PASS" endtime="20180907 21:04:34.866" starttime="20180907 21:02:33.136"></status>
</suite>
<statistics>
<total>
<stat fail="0" pass="1">Critical Tests</stat>
<stat fail="0" pass="1">All Tests</stat>
</total>
<tag>
</tag>
<suite>
<stat fail="0" id="s1" name="TestCases" pass="1">TestCases</stat>
</suite>
</statistics>
<errors>
</errors>
</robot>
