<?xml version="1.0" encoding="UTF-8"?>
<robot generated="20180907 19:44:47.691" generator="Robot 3.0.4 (Python 2.7.10 on darwin)">
<suite source="/Users/swapan/AutomationFramework/TestCases/tc1_verify_search.txt" id="s1" name="TestCases">
<test id="s1-t1" name="TC1 Verify Search">
<kw type="setup" name="Setting Up" library="Common_Keywords">
<kw name="Open Browser" library="ExtendedSelenium2Library">
<doc>Opens a new browser instance to given URL.</doc>
<arguments>
<arg>${test_URL}</arg>
<arg>${browser}</arg>
</arguments>
<msg timestamp="20180907 19:44:47.989" level="INFO">Opening browser 'Chrome' to base url 'http://magazine.trivago.com/'</msg>
<status status="PASS" endtime="20180907 19:45:47.819" starttime="20180907 19:44:47.988"></status>
</kw>
<kw name="Sleep" library="BuiltIn">
<doc>Pauses the test executed for the given time.</doc>
<arguments>
<arg>6</arg>
</arguments>
<msg timestamp="20180907 19:45:53.820" level="INFO">Slept 6 seconds</msg>
<status status="PASS" endtime="20180907 19:45:53.821" starttime="20180907 19:45:47.819"></status>
</kw>
<kw name="Set Selenium Speed" library="ExtendedSelenium2Library">
<doc>Sets the delay in seconds that is waited after each Selenium command.</doc>
<arguments>
<arg>1s</arg>
</arguments>
<status status="PASS" endtime="20180907 19:45:53.822" starttime="20180907 19:45:53.821"></status>
</kw>
<kw name="Register Keyword To Run On Failure" library="ExtendedSelenium2Library">
<doc>Sets the keyword to execute when a Selenium2Library keyword fails.</doc>
<arguments>
<arg>Failed Steps</arg>
</arguments>
<msg timestamp="20180907 19:45:53.823" level="INFO">Failed Steps will be run on failure.</msg>
<status status="PASS" endtime="20180907 19:45:53.823" starttime="20180907 19:45:53.822"></status>
</kw>
<status status="PASS" endtime="20180907 19:45:53.823" starttime="20180907 19:44:47.988"></status>
</kw>
<kw name="Wait And Click On Element" library="Common_Keywords">
<doc>Wait till 30 sec and click if element found</doc>
<arguments>
<arg>${Search_xpath}</arg>
</arguments>
<kw name="Wait Until Page Contains Element" library="ExtendedSelenium2Library">
<doc>Waits until element specified with `locator` appears on current page.</doc>
<arguments>
<arg>${Element_xpath}</arg>
<arg>30s</arg>
<arg>${error_mesg} ${Element_xpath}</arg>
</arguments>
<status status="PASS" endtime="20180907 19:45:54.850" starttime="20180907 19:45:53.825"></status>
</kw>
<kw name="Click Element" library="ExtendedSelenium2Library">
<doc>Clicks an element identified by ``locator``.</doc>
<arguments>
<arg>${Element_xpath}</arg>
</arguments>
<msg timestamp="20180907 19:45:54.851" level="INFO">Clicking element '//div[@class="search-icon"]'.</msg>
<status status="PASS" endtime="20180907 19:46:00.520" starttime="20180907 19:45:54.850"></status>
</kw>
<status status="PASS" endtime="20180907 19:46:00.520" starttime="20180907 19:45:53.824"></status>
</kw>
<kw name="Wait Until Page Contains Element" library="ExtendedSelenium2Library">
<doc>Waits until element specified with `locator` appears on current page.</doc>
<arguments>
<arg>${Search_TextBox_xpath}</arg>
<arg>30s</arg>
<arg>${error_mesg} ${Search_TextBox_xpath}</arg>
</arguments>
<status status="PASS" endtime="20180907 19:46:01.551" starttime="20180907 19:46:00.521"></status>
</kw>
<kw name="Input Text" library="ExtendedSelenium2Library">
<doc>Types the given `text` into text field identified by `locator`.</doc>
<arguments>
<arg>${Search_TextBox_xpath}</arg>
<arg>${location}</arg>
</arguments>
<msg timestamp="20180907 19:46:01.552" level="INFO">Typing text 'Midwest' into text field '//input[@class="input search-input"]'</msg>
<status status="PASS" endtime="20180907 19:46:08.784" starttime="20180907 19:46:01.551"></status>
</kw>
<kw name="Press Key" library="ExtendedSelenium2Library">
<doc>Simulates user pressing key on element identified by `locator`.</doc>
<arguments>
<arg>${Search_TextBox_xpath}</arg>
<arg>\\13</arg>
</arguments>
<status status="PASS" endtime="20180907 19:46:10.854" starttime="20180907 19:46:08.784"></status>
</kw>
<kw name="Wait Until Page Contains Element" library="ExtendedSelenium2Library">
<doc>Waits until element specified with `locator` appears on current page.</doc>
<arguments>
<arg>${Search_Result_xpath}</arg>
<arg>30s</arg>
<arg>${error_mesg} ${Search_Result_xpath}</arg>
</arguments>
<status status="PASS" endtime="20180907 19:46:12.565" starttime="20180907 19:46:10.854"></status>
</kw>
<kw name="Wait Until Page Contains Element" library="ExtendedSelenium2Library">
<doc>Waits until element specified with `locator` appears on current page.</doc>
<arguments>
<arg>${first_article_city_xpath}</arg>
<arg>30s</arg>
<arg>${error_mesg} ${first_article_city_xpath}</arg>
</arguments>
<status status="PASS" endtime="20180907 19:46:13.592" starttime="20180907 19:46:12.566"></status>
</kw>
<kw name="Log" library="BuiltIn">
<doc>Logs the given message with the given level.</doc>
<arguments>
<arg>Search result successfully verified</arg>
</arguments>
<msg timestamp="20180907 19:46:13.593" level="INFO">Search result successfully verified</msg>
<status status="PASS" endtime="20180907 19:46:13.593" starttime="20180907 19:46:13.592"></status>
</kw>
<kw type="teardown" name="TearDown Steps" library="Common_Keywords">
<kw name="Close Browser" library="ExtendedSelenium2Library">
<doc>Closes the current browser.</doc>
<status status="PASS" endtime="20180907 19:46:14.672" starttime="20180907 19:46:13.594"></status>
</kw>
<status status="PASS" endtime="20180907 19:46:14.672" starttime="20180907 19:46:13.594"></status>
</kw>
<doc>Verify Search By Entering A Location</doc>
<status status="PASS" endtime="20180907 19:46:14.673" critical="yes" starttime="20180907 19:44:47.987"></status>
</test>
<status status="PASS" endtime="20180907 19:46:14.678" starttime="20180907 19:44:47.694"></status>
</suite>
<statistics>
<total>
<stat fail="0" pass="1">Critical Tests</stat>
<stat fail="0" pass="1">All Tests</stat>
</total>
<tag>
</tag>
<suite>
<stat fail="0" id="s1" name="TestCases" pass="1">TestCases</stat>
</suite>
</statistics>
<errors>
<msg timestamp="20180907 19:44:47.688" level="ERROR">Error in file '/Users/swapan/AutomationFramework/TestCases/tc1_verify_search.txt': Non-existing setting '//div[8]/section/div/div[1]/a/span/span[1]'.</msg>
</errors>
</robot>
