<?xml version="1.0" encoding="UTF-8"?>
<robot generated="20180904 01:46:37.032" generator="Robot 3.0.4 (Python 2.7.10 on darwin)">
<suite source="/Users/swapan/AutomationFramework/TestCases/Task.txt" id="s1" name="Task">
<test id="s1-t1" name="TC6 Navigate To Country Drop Down And Verify All Urls">
<kw type="setup" name="Setting Up">
<kw name="Open Browser" library="ExtendedSelenium2Library">
<doc>Opens a new browser instance to given URL.</doc>
<arguments>
<arg>${test_URL}</arg>
<arg>${browser}</arg>
</arguments>
<msg timestamp="20180904 01:46:37.645" level="INFO">Opening browser 'Chrome' to base url 'http://magazine.trivago.com/'</msg>
<status status="PASS" endtime="20180904 01:46:46.568" starttime="20180904 01:46:37.644"></status>
</kw>
<kw name="Sleep" library="BuiltIn">
<doc>Pauses the test executed for the given time.</doc>
<arguments>
<arg>6</arg>
</arguments>
<msg timestamp="20180904 01:46:52.569" level="INFO">Slept 6 seconds</msg>
<status status="PASS" endtime="20180904 01:46:52.570" starttime="20180904 01:46:46.568"></status>
</kw>
<kw name="Set Selenium Speed" library="ExtendedSelenium2Library">
<doc>Sets the delay in seconds that is waited after each Selenium command.</doc>
<arguments>
<arg>1s</arg>
</arguments>
<status status="PASS" endtime="20180904 01:46:52.571" starttime="20180904 01:46:52.570"></status>
</kw>
<kw name="Register Keyword To Run On Failure" library="ExtendedSelenium2Library">
<doc>Sets the keyword to execute when a Selenium2Library keyword fails.</doc>
<arguments>
<arg>Failed Steps</arg>
</arguments>
<msg timestamp="20180904 01:46:52.572" level="INFO">Failed Steps will be run on failure.</msg>
<status status="PASS" endtime="20180904 01:46:52.572" starttime="20180904 01:46:52.571"></status>
</kw>
<status status="PASS" endtime="20180904 01:46:52.573" starttime="20180904 01:46:37.644"></status>
</kw>
<kw name="Scroll Element Into View" library="ExtendedSelenium2Library">
<doc>Scrolls an element from given ``locator`` into view.</doc>
<arguments>
<arg>${Country_Option_xpath}</arg>
</arguments>
<msg timestamp="20180904 01:46:52.576" level="INFO">Scrolling element '//select[@class="locales-dropdown"]/option' into view.</msg>
<status status="PASS" endtime="20180904 01:46:54.608" starttime="20180904 01:46:52.575"></status>
</kw>
<kw name="Sleep" library="BuiltIn">
<doc>Pauses the test executed for the given time.</doc>
<arguments>
<arg>2s</arg>
</arguments>
<msg timestamp="20180904 01:46:56.610" level="INFO">Slept 2 seconds</msg>
<status status="PASS" endtime="20180904 01:46:56.610" starttime="20180904 01:46:54.608"></status>
</kw>
<kw name="Get Webelements" library="ExtendedSelenium2Library">
<doc>Returns list of WebElement objects matching locator.</doc>
<arguments>
<arg>${Country_Option_xpath}</arg>
</arguments>
<assign>
<var>@{countries_url_list}</var>
</assign>
<msg timestamp="20180904 01:46:57.636" level="INFO">@{countries_url_list} = [ &lt;selenium.webdriver.remote.webelement.WebElement (session="b7da291ae4d2b179d4b5c579dfd2a47d", element="0.7511917705254927-2")&gt; | &lt;selenium.webdriver.remote.webelement.WebElement (session="b7da291ae4...</msg>
<status status="PASS" endtime="20180904 01:46:57.636" starttime="20180904 01:46:56.611"></status>
</kw>
<kw name="Create List" library="BuiltIn">
<doc>Returns a list containing given items.</doc>
<assign>
<var>@{url_list}</var>
</assign>
<msg timestamp="20180904 01:46:57.637" level="INFO">@{url_list} = [ ]</msg>
<status status="PASS" endtime="20180904 01:46:57.637" starttime="20180904 01:46:57.637"></status>
</kw>
<kw type="for" name="${ELEMENT} IN [ @{countries_url_list} ]">
<kw type="foritem" name="${ELEMENT} = &lt;selenium.webdriver.remote.webelement.WebElement (session=&quot;b7da291ae4d2b179d4b5c579dfd2a47d&quot;, element=&quot;0.7511917705254927-2&quot;)&gt;">
<kw name="Check Url" library="ApplicationLibrary">
<arguments>
<arg>${ELEMENT.get_attribute('value')}</arg>
</arguments>
<status status="PASS" endtime="20180904 01:47:01.385" starttime="20180904 01:46:57.639"></status>
</kw>
<status status="PASS" endtime="20180904 01:47:01.386" starttime="20180904 01:46:57.638"></status>
</kw>
<kw type="foritem" name="${ELEMENT} = &lt;selenium.webdriver.remote.webelement.WebElement (session=&quot;b7da291ae4d2b179d4b5c579dfd2a47d&quot;, element=&quot;0.7511917705254927-3&quot;)&gt;">
<kw name="Check Url" library="ApplicationLibrary">
<arguments>
<arg>${ELEMENT.get_attribute('value')}</arg>
</arguments>
<msg timestamp="20180904 01:47:03.437" level="INFO">HTTPConnectionPool(host='room5.trivago.es', port=80): Max retries exceeded with url: / (Caused by NewConnectionError('&lt;urllib3.connection.HTTPConnection object at 0x105153350&gt;: Failed to establish a new connection: [Errno 8] nodename nor servname provided, or not known',))</msg>
<errors>
<msg timestamp="20180904 01:47:03.437" level="ERROR">Execution stopped by user.</msg>
</errors>
</robot>
