<?xml version="1.0" encoding="UTF-8"?>
<robot generated="20180907 20:06:33.474" generator="Robot 3.0.4 (Python 2.7.10 on darwin)">
<suite source="/Users/swapan/AutomationFramework/TestCases/tc2_submit_contact.txt" id="s1" name="TestCases">
<test id="s1-t1" name="TC2 Submit Contact">
<kw type="setup" name="Setting Up" library="Common_Keywords">
<kw name="Open Browser" library="ExtendedSelenium2Library">
<doc>Opens a new browser instance to given URL.</doc>
<arguments>
<arg>${test_URL}</arg>
<arg>${browser}</arg>
</arguments>
<msg timestamp="20180907 20:06:33.864" level="INFO">Opening browser 'Chrome' to base url 'http://magazine.trivago.com/'</msg>
<status status="PASS" endtime="20180907 20:07:28.758" starttime="20180907 20:06:33.864"></status>
</kw>
<kw name="Sleep" library="BuiltIn">
<doc>Pauses the test executed for the given time.</doc>
<arguments>
<arg>6</arg>
</arguments>
<msg timestamp="20180907 20:07:34.763" level="INFO">Slept 6 seconds</msg>
<status status="PASS" endtime="20180907 20:07:34.763" starttime="20180907 20:07:28.758"></status>
</kw>
<kw name="Set Selenium Speed" library="ExtendedSelenium2Library">
<doc>Sets the delay in seconds that is waited after each Selenium command.</doc>
<arguments>
<arg>1s</arg>
</arguments>
<status status="PASS" endtime="20180907 20:07:34.764" starttime="20180907 20:07:34.764"></status>
</kw>
<kw name="Register Keyword To Run On Failure" library="ExtendedSelenium2Library">
<doc>Sets the keyword to execute when a Selenium2Library keyword fails.</doc>
<arguments>
<arg>Failed Steps</arg>
</arguments>
<msg timestamp="20180907 20:07:34.765" level="INFO">Failed Steps will be run on failure.</msg>
<status status="PASS" endtime="20180907 20:07:34.765" starttime="20180907 20:07:34.765"></status>
</kw>
<status status="PASS" endtime="20180907 20:07:34.766" starttime="20180907 20:06:33.862"></status>
</kw>
<kw name="Sleep" library="BuiltIn">
<doc>Pauses the test executed for the given time.</doc>
<arguments>
<arg>2s</arg>
</arguments>
<msg timestamp="20180907 20:07:36.768" level="INFO">Slept 2 seconds</msg>
<status status="PASS" endtime="20180907 20:07:36.769" starttime="20180907 20:07:34.766"></status>
</kw>
<kw name="Wait Until Page Contains Element" library="ExtendedSelenium2Library">
<doc>Waits until element specified with `locator` appears on current page.</doc>
<arguments>
<arg>${Search_xpath}</arg>
<arg>30s</arg>
<arg>${error_mesg} ${Search_xpath}</arg>
</arguments>
<status status="PASS" endtime="20180907 20:07:37.797" starttime="20180907 20:07:36.769"></status>
</kw>
<kw name="Scroll Element Into View" library="ExtendedSelenium2Library">
<doc>Scrolls an element from given ``locator`` into view.</doc>
<arguments>
<arg>${Contact_xpath}</arg>
</arguments>
<msg timestamp="20180907 20:07:37.798" level="INFO">Scrolling element '//a[@href="/contact/"]' into view.</msg>
<status status="PASS" endtime="20180907 20:07:39.843" starttime="20180907 20:07:37.798"></status>
</kw>
<kw name="Wait And Click On Element" library="Common_Keywords">
<doc>Wait till 30 sec and click if element found</doc>
<arguments>
<arg>${Contact_xpath}</arg>
</arguments>
<kw name="Wait Until Page Contains Element" library="ExtendedSelenium2Library">
<doc>Waits until element specified with `locator` appears on current page.</doc>
<arguments>
<arg>${Element_xpath}</arg>
<arg>30s</arg>
<arg>${error_mesg} ${Element_xpath}</arg>
</arguments>
<status status="PASS" endtime="20180907 20:07:40.861" starttime="20180907 20:07:39.845"></status>
</kw>
<kw name="Click Element" library="ExtendedSelenium2Library">
<doc>Clicks an element identified by ``locator``.</doc>
<arguments>
<arg>${Element_xpath}</arg>
</arguments>
<msg timestamp="20180907 20:07:40.863" level="INFO">Clicking element '//a[@href="/contact/"]'.</msg>
<status status="PASS" endtime="20180907 20:07:46.560" starttime="20180907 20:07:40.862"></status>
</kw>
<status status="PASS" endtime="20180907 20:07:46.560" starttime="20180907 20:07:39.844"></status>
</kw>
<kw name="Sleep" library="BuiltIn">
<doc>Pauses the test executed for the given time.</doc>
<arguments>
<arg>4s</arg>
</arguments>
<msg timestamp="20180907 20:07:50.564" level="INFO">Slept 4 seconds</msg>
<status status="PASS" endtime="20180907 20:07:50.564" starttime="20180907 20:07:46.561"></status>
</kw>
<kw name="Select Window" library="ExtendedSelenium2Library">
<doc>Selects the window matching locator and return previous window handle.</doc>
<arguments>
<arg>url=${contact_url}</arg>
</arguments>
<status status="PASS" endtime="20180907 20:07:59.685" starttime="20180907 20:07:50.565"></status>
</kw>
<kw name="Wait Until Page Contains Element" library="ExtendedSelenium2Library">
<doc>Waits until element specified with `locator` appears on current page.</doc>
<arguments>
<arg>${Contact_Mesg_xpath}</arg>
<arg>30s</arg>
<arg>${error_mesg} ${Contact_Mesg_xpath}</arg>
</arguments>
<status status="PASS" endtime="20180907 20:08:00.715" starttime="20180907 20:07:59.686"></status>
</kw>
<kw name="Input Text" library="ExtendedSelenium2Library">
<doc>Types the given `text` into text field identified by `locator`.</doc>
<arguments>
<arg>${Contact_Mesg_xpath}</arg>
<arg>${Contact_Mesg}</arg>
</arguments>
<msg timestamp="20180907 20:08:00.717" level="INFO">Typing text 'I Love Trivago' into text field '//textarea[@class="contact-msg"]'</msg>
<status status="PASS" endtime="20180907 20:08:08.066" starttime="20180907 20:08:00.716"></status>
</kw>
<kw name="Input Text" library="ExtendedSelenium2Library">
<doc>Types the given `text` into text field identified by `locator`.</doc>
<arguments>
<arg>${Contact_FullName_xpath}</arg>
<arg>${full_name}</arg>
</arguments>
<msg timestamp="20180907 20:08:08.067" level="INFO">Typing text 'Mobile Autotools' into text field '//div/input[@class="contact-input"]'</msg>
<status status="PASS" endtime="20180907 20:08:15.393" starttime="20180907 20:08:08.067"></status>
</kw>
<kw name="Input Text" library="ExtendedSelenium2Library">
<doc>Types the given `text` into text field identified by `locator`.</doc>
<arguments>
<arg>${Contact_Email_xpath}</arg>
<arg>${contact_email}</arg>
</arguments>
<msg timestamp="20180907 20:08:15.394" level="INFO">Typing text 'mobileautotools@gmail.com' into text field '//input[@id="contact-email"]'</msg>
<status status="PASS" endtime="20180907 20:08:22.833" starttime="20180907 20:08:15.393"></status>
</kw>
<kw name="Click Element" library="ExtendedSelenium2Library">
<doc>Clicks an element identified by ``locator``.</doc>
<arguments>
<arg>${Contact_SubmitCheckBox_xpath}</arg>
</arguments>
<msg timestamp="20180907 20:08:22.834" level="INFO">Clicking element '//input[@id="confirm"]'.</msg>
<status status="PASS" endtime="20180907 20:08:28.494" starttime="20180907 20:08:22.834"></status>
</kw>
<kw name="Sleep" library="BuiltIn">
<doc>Pauses the test executed for the given time.</doc>
<arguments>
<arg>2s</arg>
</arguments>
<msg timestamp="20180907 20:08:30.498" level="INFO">Slept 2 seconds</msg>
<status status="PASS" endtime="20180907 20:08:30.498" starttime="20180907 20:08:28.495"></status>
</kw>
<kw name="Click Element" library="ExtendedSelenium2Library">
<doc>Clicks an element identified by ``locator``.</doc>
<arguments>
<arg>${Contact_Submit_xpath}</arg>
</arguments>
<msg timestamp="20180907 20:08:30.499" level="INFO">Clicking element '//button[@class="contact-submit"]'.</msg>
<status status="PASS" endtime="20180907 20:08:36.144" starttime="20180907 20:08:30.499"></status>
</kw>
<kw name="Log" library="BuiltIn">
<doc>Logs the given message with the given level.</doc>
<arguments>
<arg>Contact Submitted Successfully</arg>
</arguments>
<msg timestamp="20180907 20:08:36.145" level="INFO">Contact Submitted Successfully</msg>
<status status="PASS" endtime="20180907 20:08:36.145" starttime="20180907 20:08:36.145"></status>
</kw>
<kw type="teardown" name="TearDown Steps" library="Common_Keywords">
<kw name="Close Browser" library="ExtendedSelenium2Library">
<doc>Closes the current browser.</doc>
<status status="PASS" endtime="20180907 20:08:37.214" starttime="20180907 20:08:36.147"></status>
</kw>
<status status="PASS" endtime="20180907 20:08:37.214" starttime="20180907 20:08:36.146"></status>
</kw>
<doc>Navigate to Contact Form And Verify</doc>
<status status="PASS" endtime="20180907 20:08:37.214" critical="yes" starttime="20180907 20:06:33.861"></status>
</test>
<status status="PASS" endtime="20180907 20:08:37.216" starttime="20180907 20:06:33.478"></status>
</suite>
<statistics>
<total>
<stat fail="0" pass="1">Critical Tests</stat>
<stat fail="0" pass="1">All Tests</stat>
</total>
<tag>
</tag>
<suite>
<stat fail="0" id="s1" name="TestCases" pass="1">TestCases</stat>
</suite>
</statistics>
<errors>
</errors>
</robot>
