<?xml version="1.0" encoding="UTF-8"?>
<robot generated="20180907 20:21:09.632" generator="Robot 3.0.4 (Python 2.7.10 on darwin)">
<suite source="/Users/swapan/AutomationFramework/TestCases/tc2_submit_contact.txt" id="s1" name="TestCases">
<test id="s1-t1" name="TC2 Submit Contact">
<kw type="setup" name="Setting Up" library="Common_Keywords">
<kw name="Open Browser" library="ExtendedSelenium2Library">
<doc>Opens a new browser instance to given URL.</doc>
<arguments>
<arg>${test_URL}</arg>
<arg>${browser}</arg>
</arguments>
<msg timestamp="20180907 20:21:09.894" level="INFO">Opening browser 'Chrome' to base url 'http://magazine.trivago.com/'</msg>
<status status="PASS" endtime="20180907 20:22:03.349" starttime="20180907 20:21:09.894"></status>
</kw>
<kw name="Sleep" library="BuiltIn">
<doc>Pauses the test executed for the given time.</doc>
<arguments>
<arg>6</arg>
</arguments>
<msg timestamp="20180907 20:22:09.354" level="INFO">Slept 6 seconds</msg>
<status status="PASS" endtime="20180907 20:22:09.354" starttime="20180907 20:22:03.351"></status>
</kw>
<kw name="Set Selenium Speed" library="ExtendedSelenium2Library">
<doc>Sets the delay in seconds that is waited after each Selenium command.</doc>
<arguments>
<arg>1s</arg>
</arguments>
<status status="PASS" endtime="20180907 20:22:09.355" starttime="20180907 20:22:09.355"></status>
</kw>
<kw name="Register Keyword To Run On Failure" library="ExtendedSelenium2Library">
<doc>Sets the keyword to execute when a Selenium2Library keyword fails.</doc>
<arguments>
<arg>Failed Steps</arg>
</arguments>
<msg timestamp="20180907 20:22:09.356" level="INFO">Failed Steps will be run on failure.</msg>
<status status="PASS" endtime="20180907 20:22:09.356" starttime="20180907 20:22:09.356"></status>
</kw>
<status status="PASS" endtime="20180907 20:22:09.357" starttime="20180907 20:21:09.893"></status>
</kw>
<kw name="Sleep" library="BuiltIn">
<doc>Pauses the test executed for the given time.</doc>
<arguments>
<arg>2s</arg>
</arguments>
<msg timestamp="20180907 20:22:11.361" level="INFO">Slept 2 seconds</msg>
<status status="PASS" endtime="20180907 20:22:11.361" starttime="20180907 20:22:09.357"></status>
</kw>
<kw name="Wait Until Page Contains Element" library="ExtendedSelenium2Library">
<doc>Waits until element specified with `locator` appears on current page.</doc>
<arguments>
<arg>${Search_xpath}</arg>
<arg>30s</arg>
<arg>${error_mesg} ${Search_xpath}</arg>
</arguments>
<status status="PASS" endtime="20180907 20:22:12.389" starttime="20180907 20:22:11.361"></status>
</kw>
<kw name="Scroll Element Into View" library="ExtendedSelenium2Library">
<doc>Scrolls an element from given ``locator`` into view.</doc>
<arguments>
<arg>${Contact_xpath}</arg>
</arguments>
<msg timestamp="20180907 20:22:12.391" level="INFO">Scrolling element '//a[@href="/contact/"]' into view.</msg>
<status status="PASS" endtime="20180907 20:22:14.445" starttime="20180907 20:22:12.390"></status>
</kw>
<kw name="Wait And Click On Element" library="Common_Keywords">
<doc>Wait till 30 sec and click if element found</doc>
<arguments>
<arg>${Contact_xpath}</arg>
</arguments>
<kw name="Wait Until Page Contains Element" library="ExtendedSelenium2Library">
<doc>Waits until element specified with `locator` appears on current page.</doc>
<arguments>
<arg>${Element_xpath}</arg>
<arg>30s</arg>
<arg>${error_mesg} ${Element_xpath}</arg>
</arguments>
<status status="PASS" endtime="20180907 20:22:15.468" starttime="20180907 20:22:14.447"></status>
</kw>
<kw name="Click Element" library="ExtendedSelenium2Library">
<doc>Clicks an element identified by ``locator``.</doc>
<arguments>
<arg>${Element_xpath}</arg>
</arguments>
<msg timestamp="20180907 20:22:15.469" level="INFO">Clicking element '//a[@href="/contact/"]'.</msg>
<status status="PASS" endtime="20180907 20:22:21.177" starttime="20180907 20:22:15.468"></status>
</kw>
<status status="PASS" endtime="20180907 20:22:21.177" starttime="20180907 20:22:14.446"></status>
</kw>
<kw name="Sleep" library="BuiltIn">
<doc>Pauses the test executed for the given time.</doc>
<arguments>
<arg>4s</arg>
</arguments>
<msg timestamp="20180907 20:22:25.179" level="INFO">Slept 4 seconds</msg>
<status status="PASS" endtime="20180907 20:22:25.180" starttime="20180907 20:22:21.178"></status>
</kw>
<kw name="Select Window" library="ExtendedSelenium2Library">
<doc>Selects the window matching locator and return previous window handle.</doc>
<arguments>
<arg>url=${contact_url}</arg>
</arguments>
<status status="PASS" endtime="20180907 20:22:34.298" starttime="20180907 20:22:25.180"></status>
</kw>
<kw name="Wait Until Page Contains Element" library="ExtendedSelenium2Library">
<doc>Waits until element specified with `locator` appears on current page.</doc>
<arguments>
<arg>${Contact_Mesg_xpath}</arg>
<arg>30s</arg>
<arg>${error_mesg} ${Contact_Mesg_xpath}</arg>
</arguments>
<status status="PASS" endtime="20180907 20:22:35.327" starttime="20180907 20:22:34.299"></status>
</kw>
<kw name="Input Text" library="ExtendedSelenium2Library">
<doc>Types the given `text` into text field identified by `locator`.</doc>
<arguments>
<arg>${Contact_Mesg_xpath}</arg>
<arg>${Contact_Mesg}</arg>
</arguments>
<msg timestamp="20180907 20:22:35.328" level="INFO">Typing text 'I Love Trivago' into text field '//textarea[@class="contact-msg"]'</msg>
<status status="PASS" endtime="20180907 20:22:42.673" starttime="20180907 20:22:35.327"></status>
</kw>
<kw name="Input Text" library="ExtendedSelenium2Library">
<doc>Types the given `text` into text field identified by `locator`.</doc>
<arguments>
<arg>${Contact_FullName_xpath}</arg>
<arg>${full_name}</arg>
</arguments>
<msg timestamp="20180907 20:22:42.675" level="INFO">Typing text 'Swapan Chhabra' into text field '//div/input[@class="contact-input"]'</msg>
<status status="PASS" endtime="20180907 20:22:49.977" starttime="20180907 20:22:42.674"></status>
</kw>
<kw name="Input Text" library="ExtendedSelenium2Library">
<doc>Types the given `text` into text field identified by `locator`.</doc>
<arguments>
<arg>${Contact_Email_xpath}</arg>
<arg>${contact_email}</arg>
</arguments>
<msg timestamp="20180907 20:22:49.978" level="INFO">Typing text 'swapan.chhabra@gmail.com' into text field '//input[@id="contact-email"]'</msg>
<status status="PASS" endtime="20180907 20:22:57.419" starttime="20180907 20:22:49.978"></status>
</kw>
<kw name="Click Element" library="ExtendedSelenium2Library">
<doc>Clicks an element identified by ``locator``.</doc>
<arguments>
<arg>${Contact_SubmitCheckBox_xpath}</arg>
</arguments>
<msg timestamp="20180907 20:22:57.421" level="INFO">Clicking element '//input[@id="confirm"]'.</msg>
<status status="PASS" endtime="20180907 20:23:03.082" starttime="20180907 20:22:57.420"></status>
</kw>
<kw name="Sleep" library="BuiltIn">
<doc>Pauses the test executed for the given time.</doc>
<arguments>
<arg>3s</arg>
</arguments>
<msg timestamp="20180907 20:23:06.085" level="INFO">Slept 3 seconds</msg>
<status status="PASS" endtime="20180907 20:23:06.085" starttime="20180907 20:23:03.083"></status>
</kw>
<kw name="Click Element" library="ExtendedSelenium2Library">
<doc>Clicks an element identified by ``locator``.</doc>
<arguments>
<arg>${Contact_Submit_xpath}</arg>
</arguments>
<msg timestamp="20180907 20:23:06.087" level="INFO">Clicking element '//button[@class="contact-submit"]'.</msg>
<status status="PASS" endtime="20180907 20:23:11.722" starttime="20180907 20:23:06.086"></status>
</kw>
<kw name="Sleep" library="BuiltIn">
<doc>Pauses the test executed for the given time.</doc>
<arguments>
<arg>15s</arg>
</arguments>
<msg timestamp="20180907 20:23:26.726" level="INFO">Slept 15 seconds</msg>
<status status="PASS" endtime="20180907 20:23:26.726" starttime="20180907 20:23:11.723"></status>
</kw>
<kw name="Wait Until Page Contains Element" library="ExtendedSelenium2Library">
<doc>Waits until element specified with `locator` appears on current page.</doc>
<arguments>
<arg>${Message_Sent_xpath}</arg>
<arg>30s</arg>
<arg>${error_mesg} ${Message_Sent_xpath}</arg>
</arguments>
<status status="PASS" endtime="20180907 20:23:27.757" starttime="20180907 20:23:26.727"></status>
</kw>
<kw name="Log" library="BuiltIn">
<doc>Logs the given message with the given level.</doc>
<arguments>
<arg>Contact Submitted Successfully</arg>
</arguments>
<msg timestamp="20180907 20:23:27.759" level="INFO">Contact Submitted Successfully</msg>
<status status="PASS" endtime="20180907 20:23:27.759" starttime="20180907 20:23:27.758"></status>
</kw>
<kw type="teardown" name="TearDown Steps" library="Common_Keywords">
<kw name="Close Browser" library="ExtendedSelenium2Library">
<doc>Closes the current browser.</doc>
<status status="PASS" endtime="20180907 20:23:28.849" starttime="20180907 20:23:27.761"></status>
</kw>
<status status="PASS" endtime="20180907 20:23:28.849" starttime="20180907 20:23:27.760"></status>
</kw>
<doc>Navigate to Contact Form And Verify</doc>
<status status="PASS" endtime="20180907 20:23:28.850" critical="yes" starttime="20180907 20:21:09.893"></status>
</test>
<status status="PASS" endtime="20180907 20:23:28.854" starttime="20180907 20:21:09.636"></status>
</suite>
<statistics>
<total>
<stat fail="0" pass="1">Critical Tests</stat>
<stat fail="0" pass="1">All Tests</stat>
</total>
<tag>
</tag>
<suite>
<stat fail="0" id="s1" name="TestCases" pass="1">TestCases</stat>
</suite>
</statistics>
<errors>
</errors>
</robot>
