<?xml version="1.0" encoding="UTF-8"?>
<robot generated="20180907 20:17:35.104" generator="Robot 3.0.4 (Python 2.7.10 on darwin)">
<suite source="/Users/swapan/AutomationFramework/TestCases/tc2_submit_contact.txt" id="s1" name="TestCases">
<test id="s1-t1" name="TC2 Submit Contact">
<kw type="setup" name="Setting Up" library="Common_Keywords">
<kw name="Open Browser" library="ExtendedSelenium2Library">
<doc>Opens a new browser instance to given URL.</doc>
<arguments>
<arg>${test_URL}</arg>
<arg>${browser}</arg>
</arguments>
<msg timestamp="20180907 20:17:35.376" level="INFO">Opening browser 'Chrome' to base url 'http://magazine.trivago.com/'</msg>
<status status="PASS" endtime="20180907 20:18:28.267" starttime="20180907 20:17:35.375"></status>
</kw>
<kw name="Sleep" library="BuiltIn">
<doc>Pauses the test executed for the given time.</doc>
<arguments>
<arg>6</arg>
</arguments>
<msg timestamp="20180907 20:18:34.270" level="INFO">Slept 6 seconds</msg>
<status status="PASS" endtime="20180907 20:18:34.270" starttime="20180907 20:18:28.269"></status>
</kw>
<kw name="Set Selenium Speed" library="ExtendedSelenium2Library">
<doc>Sets the delay in seconds that is waited after each Selenium command.</doc>
<arguments>
<arg>1s</arg>
</arguments>
<status status="PASS" endtime="20180907 20:18:34.271" starttime="20180907 20:18:34.271"></status>
</kw>
<kw name="Register Keyword To Run On Failure" library="ExtendedSelenium2Library">
<doc>Sets the keyword to execute when a Selenium2Library keyword fails.</doc>
<arguments>
<arg>Failed Steps</arg>
</arguments>
<msg timestamp="20180907 20:18:34.272" level="INFO">Failed Steps will be run on failure.</msg>
<status status="PASS" endtime="20180907 20:18:34.272" starttime="20180907 20:18:34.272"></status>
</kw>
<status status="PASS" endtime="20180907 20:18:34.273" starttime="20180907 20:17:35.375"></status>
</kw>
<kw name="Sleep" library="BuiltIn">
<doc>Pauses the test executed for the given time.</doc>
<arguments>
<arg>2s</arg>
</arguments>
<msg timestamp="20180907 20:18:36.276" level="INFO">Slept 2 seconds</msg>
<status status="PASS" endtime="20180907 20:18:36.276" starttime="20180907 20:18:34.274"></status>
</kw>
<kw name="Wait Until Page Contains Element" library="ExtendedSelenium2Library">
<doc>Waits until element specified with `locator` appears on current page.</doc>
<arguments>
<arg>${Search_xpath}</arg>
<arg>30s</arg>
<arg>${error_mesg} ${Search_xpath}</arg>
</arguments>
<status status="PASS" endtime="20180907 20:18:37.304" starttime="20180907 20:18:36.277"></status>
</kw>
<kw name="Scroll Element Into View" library="ExtendedSelenium2Library">
<doc>Scrolls an element from given ``locator`` into view.</doc>
<arguments>
<arg>${Contact_xpath}</arg>
</arguments>
<msg timestamp="20180907 20:18:37.306" level="INFO">Scrolling element '//a[@href="/contact/"]' into view.</msg>
<status status="PASS" endtime="20180907 20:18:39.350" starttime="20180907 20:18:37.305"></status>
</kw>
<kw name="Wait And Click On Element" library="Common_Keywords">
<doc>Wait till 30 sec and click if element found</doc>
<arguments>
<arg>${Contact_xpath}</arg>
</arguments>
<kw name="Wait Until Page Contains Element" library="ExtendedSelenium2Library">
<doc>Waits until element specified with `locator` appears on current page.</doc>
<arguments>
<arg>${Element_xpath}</arg>
<arg>30s</arg>
<arg>${error_mesg} ${Element_xpath}</arg>
</arguments>
<status status="PASS" endtime="20180907 20:18:40.373" starttime="20180907 20:18:39.352"></status>
</kw>
<kw name="Click Element" library="ExtendedSelenium2Library">
<doc>Clicks an element identified by ``locator``.</doc>
<arguments>
<arg>${Element_xpath}</arg>
</arguments>
<msg timestamp="20180907 20:18:40.374" level="INFO">Clicking element '//a[@href="/contact/"]'.</msg>
<status status="PASS" endtime="20180907 20:18:46.082" starttime="20180907 20:18:40.374"></status>
</kw>
<status status="PASS" endtime="20180907 20:18:46.082" starttime="20180907 20:18:39.351"></status>
</kw>
<kw name="Sleep" library="BuiltIn">
<doc>Pauses the test executed for the given time.</doc>
<arguments>
<arg>4s</arg>
</arguments>
<msg timestamp="20180907 20:18:50.086" level="INFO">Slept 4 seconds</msg>
<status status="PASS" endtime="20180907 20:18:50.086" starttime="20180907 20:18:46.083"></status>
</kw>
<kw name="Select Window" library="ExtendedSelenium2Library">
<doc>Selects the window matching locator and return previous window handle.</doc>
<arguments>
<arg>url=${contact_url}</arg>
</arguments>
<status status="PASS" endtime="20180907 20:18:59.226" starttime="20180907 20:18:50.087"></status>
</kw>
<kw name="Wait Until Page Contains Element" library="ExtendedSelenium2Library">
<doc>Waits until element specified with `locator` appears on current page.</doc>
<arguments>
<arg>${Contact_Mesg_xpath}</arg>
<arg>30s</arg>
<arg>${error_mesg} ${Contact_Mesg_xpath}</arg>
</arguments>
<status status="PASS" endtime="20180907 20:19:00.254" starttime="20180907 20:18:59.227"></status>
</kw>
<kw name="Input Text" library="ExtendedSelenium2Library">
<doc>Types the given `text` into text field identified by `locator`.</doc>
<arguments>
<arg>${Contact_Mesg_xpath}</arg>
<arg>${Contact_Mesg}</arg>
</arguments>
<msg timestamp="20180907 20:19:00.256" level="INFO">Typing text 'I Love Trivago' into text field '//textarea[@class="contact-msg"]'</msg>
<status status="PASS" endtime="20180907 20:19:07.594" starttime="20180907 20:19:00.255"></status>
</kw>
<kw name="Input Text" library="ExtendedSelenium2Library">
<doc>Types the given `text` into text field identified by `locator`.</doc>
<arguments>
<arg>${Contact_FullName_xpath}</arg>
<arg>${full_name}</arg>
</arguments>
<msg timestamp="20180907 20:19:07.596" level="INFO">Typing text 'Mobile Autotools' into text field '//div/input[@class="contact-input"]'</msg>
<status status="PASS" endtime="20180907 20:19:14.906" starttime="20180907 20:19:07.595"></status>
</kw>
<kw name="Input Text" library="ExtendedSelenium2Library">
<doc>Types the given `text` into text field identified by `locator`.</doc>
<arguments>
<arg>${Contact_Email_xpath}</arg>
<arg>${contact_email}</arg>
</arguments>
<msg timestamp="20180907 20:19:14.907" level="INFO">Typing text 'mobileautotools@gmail.com' into text field '//input[@id="contact-email"]'</msg>
<status status="PASS" endtime="20180907 20:19:22.363" starttime="20180907 20:19:14.907"></status>
</kw>
<kw name="Click Element" library="ExtendedSelenium2Library">
<doc>Clicks an element identified by ``locator``.</doc>
<arguments>
<arg>${Contact_SubmitCheckBox_xpath}</arg>
</arguments>
<msg timestamp="20180907 20:19:22.364" level="INFO">Clicking element '//input[@id="confirm"]'.</msg>
<status status="PASS" endtime="20180907 20:19:28.027" starttime="20180907 20:19:22.364"></status>
</kw>
<kw name="Sleep" library="BuiltIn">
<doc>Pauses the test executed for the given time.</doc>
<arguments>
<arg>2s</arg>
</arguments>
<msg timestamp="20180907 20:19:30.030" level="INFO">Slept 2 seconds</msg>
<status status="PASS" endtime="20180907 20:19:30.030" starttime="20180907 20:19:28.028"></status>
</kw>
<kw name="Click Element" library="ExtendedSelenium2Library">
<doc>Clicks an element identified by ``locator``.</doc>
<arguments>
<arg>${Contact_Submit_xpath}</arg>
</arguments>
<msg timestamp="20180907 20:19:30.031" level="INFO">Clicking element '//button[@class="contact-submit"]'.</msg>
<status status="PASS" endtime="20180907 20:19:35.672" starttime="20180907 20:19:30.030"></status>
</kw>
<kw name="Sleep" library="BuiltIn">
<doc>Pauses the test executed for the given time.</doc>
<arguments>
<arg>5s</arg>
</arguments>
<msg timestamp="20180907 20:19:40.674" level="INFO">Slept 5 seconds</msg>
<status status="PASS" endtime="20180907 20:19:40.675" starttime="20180907 20:19:35.673"></status>
</kw>
<kw name="Wait Until Page Contains Element" library="ExtendedSelenium2Library">
<doc>Waits until element specified with `locator` appears on current page.</doc>
<arguments>
<arg>${Message_Sent_xpath}</arg>
<arg>30s</arg>
<arg>${error_mesg} ${Message_Sent_xpath}</arg>
</arguments>
<status status="PASS" endtime="20180907 20:19:41.707" starttime="20180907 20:19:40.676"></status>
</kw>
<kw name="Log" library="BuiltIn">
<doc>Logs the given message with the given level.</doc>
<arguments>
<arg>Contact Submitted Successfully</arg>
</arguments>
<msg timestamp="20180907 20:19:41.708" level="INFO">Contact Submitted Successfully</msg>
<status status="PASS" endtime="20180907 20:19:41.709" starttime="20180907 20:19:41.708"></status>
</kw>
<kw type="teardown" name="TearDown Steps" library="Common_Keywords">
<kw name="Close Browser" library="ExtendedSelenium2Library">
<doc>Closes the current browser.</doc>
<status status="PASS" endtime="20180907 20:19:42.789" starttime="20180907 20:19:41.711"></status>
</kw>
<status status="PASS" endtime="20180907 20:19:42.790" starttime="20180907 20:19:41.710"></status>
</kw>
<doc>Navigate to Contact Form And Verify</doc>
<status status="PASS" endtime="20180907 20:19:42.790" critical="yes" starttime="20180907 20:17:35.374"></status>
</test>
<status status="PASS" endtime="20180907 20:19:42.792" starttime="20180907 20:17:35.108"></status>
</suite>
<statistics>
<total>
<stat fail="0" pass="1">Critical Tests</stat>
<stat fail="0" pass="1">All Tests</stat>
</total>
<tag>
</tag>
<suite>
<stat fail="0" id="s1" name="TestCases" pass="1">TestCases</stat>
</suite>
</statistics>
<errors>
</errors>
</robot>
