<?xml version="1.0" encoding="UTF-8"?>
<robot generated="20180907 20:44:52.954" generator="Robot 3.0.4 (Python 2.7.10 on darwin)">
<suite source="/Users/swapan/AutomationFramework/TestCases/tc4_verify_destination.txt" id="s1" name="TestCases">
<test id="s1-t1" name="TC4 Navigate To First Destination And Verify Its URL">
<kw type="setup" name="Setting Up" library="Common_Keywords">
<kw name="Open Browser" library="ExtendedSelenium2Library">
<doc>Opens a new browser instance to given URL.</doc>
<arguments>
<arg>${test_URL}</arg>
<arg>${browser}</arg>
</arguments>
<msg timestamp="20180907 20:44:53.158" level="INFO">Opening browser 'Chrome' to base url 'http://magazine.trivago.com/'</msg>
<status status="PASS" endtime="20180907 20:45:20.565" starttime="20180907 20:44:53.157"></status>
</kw>
<kw name="Sleep" library="BuiltIn">
<doc>Pauses the test executed for the given time.</doc>
<arguments>
<arg>6</arg>
</arguments>
<msg timestamp="20180907 20:45:26.569" level="INFO">Slept 6 seconds</msg>
<status status="PASS" endtime="20180907 20:45:26.570" starttime="20180907 20:45:20.566"></status>
</kw>
<kw name="Set Selenium Speed" library="ExtendedSelenium2Library">
<doc>Sets the delay in seconds that is waited after each Selenium command.</doc>
<arguments>
<arg>1s</arg>
</arguments>
<status status="PASS" endtime="20180907 20:45:26.571" starttime="20180907 20:45:26.570"></status>
</kw>
<kw name="Register Keyword To Run On Failure" library="ExtendedSelenium2Library">
<doc>Sets the keyword to execute when a Selenium2Library keyword fails.</doc>
<arguments>
<arg>Failed Steps</arg>
</arguments>
<msg timestamp="20180907 20:45:26.572" level="INFO">Failed Steps will be run on failure.</msg>
<status status="PASS" endtime="20180907 20:45:26.572" starttime="20180907 20:45:26.571"></status>
</kw>
<status status="PASS" endtime="20180907 20:45:26.572" starttime="20180907 20:44:53.157"></status>
</kw>
<kw name="Wait And Click On Element" library="Common_Keywords">
<doc>Wait till 30 sec and click if element found</doc>
<arguments>
<arg>${Menu_xpath}</arg>
</arguments>
<kw name="Wait Until Page Contains Element" library="ExtendedSelenium2Library">
<doc>Waits until element specified with `locator` appears on current page.</doc>
<arguments>
<arg>${Element_xpath}</arg>
<arg>30s</arg>
<arg>${error_mesg} ${Element_xpath}</arg>
</arguments>
<status status="PASS" endtime="20180907 20:45:27.604" starttime="20180907 20:45:26.574"></status>
</kw>
<kw name="Click Element" library="ExtendedSelenium2Library">
<doc>Clicks an element identified by ``locator``.</doc>
<arguments>
<arg>${Element_xpath}</arg>
</arguments>
<msg timestamp="20180907 20:45:27.605" level="INFO">Clicking element '//div[@class="nav-icon"]'.</msg>
<status status="PASS" endtime="20180907 20:45:33.253" starttime="20180907 20:45:27.604"></status>
</kw>
<status status="PASS" endtime="20180907 20:45:33.254" starttime="20180907 20:45:26.573"></status>
</kw>
<kw name="Wait And Click On Element" library="Common_Keywords">
<doc>Wait till 30 sec and click if element found</doc>
<arguments>
<arg>${Menu_Destination_xpath}</arg>
</arguments>
<kw name="Wait Until Page Contains Element" library="ExtendedSelenium2Library">
<doc>Waits until element specified with `locator` appears on current page.</doc>
<arguments>
<arg>${Element_xpath}</arg>
<arg>30s</arg>
<arg>${error_mesg} ${Element_xpath}</arg>
</arguments>
<status status="PASS" endtime="20180907 20:45:34.285" starttime="20180907 20:45:33.255"></status>
</kw>
<kw name="Click Element" library="ExtendedSelenium2Library">
<doc>Clicks an element identified by ``locator``.</doc>
<arguments>
<arg>${Element_xpath}</arg>
</arguments>
<msg timestamp="20180907 20:45:34.286" level="INFO">Clicking element '//div/div[@class="menu-title" and .="Destinations"]'.</msg>
<status status="PASS" endtime="20180907 20:45:39.925" starttime="20180907 20:45:34.285"></status>
</kw>
<status status="PASS" endtime="20180907 20:45:39.926" starttime="20180907 20:45:33.254"></status>
</kw>
<kw name="Get Element Attribute" library="ExtendedSelenium2Library">
<doc>Return value of element attribute.</doc>
<arguments>
<arg>${First_Destination_xpath}@href</arg>
</arguments>
<assign>
<var>${url}</var>
</assign>
<msg timestamp="20180907 20:45:41.972" level="INFO">${url} = http://magazine.trivago.com/destination/usa/west/</msg>
<status status="PASS" endtime="20180907 20:45:41.973" starttime="20180907 20:45:39.926"></status>
</kw>
<kw name="Log" library="BuiltIn">
<doc>Logs the given message with the given level.</doc>
<arguments>
<arg>${url}</arg>
</arguments>
<msg timestamp="20180907 20:45:41.974" level="INFO">http://magazine.trivago.com/destination/usa/west/</msg>
<status status="PASS" endtime="20180907 20:45:41.974" starttime="20180907 20:45:41.973"></status>
</kw>
<kw name="Click Element" library="ExtendedSelenium2Library">
<doc>Clicks an element identified by ``locator``.</doc>
<arguments>
<arg>${First_Destination_xpath}</arg>
</arguments>
<msg timestamp="20180907 20:45:41.975" level="INFO">Clicking element '//div[contains(@class,"swiper-slide menu-destination-card")][1]/a'.</msg>
<status status="PASS" endtime="20180907 20:45:47.622" starttime="20180907 20:45:41.975"></status>
</kw>
<kw name="Location Should Contain" library="ExtendedSelenium2Library">
<doc>Verifies that current URL contains `expected`.</doc>
<arguments>
<arg>${url}</arg>
</arguments>
<msg timestamp="20180907 20:45:53.187" level="INFO">Current location contains 'http://magazine.trivago.com/destination/usa/west/'.</msg>
<status status="PASS" endtime="20180907 20:45:53.188" starttime="20180907 20:45:47.623"></status>
</kw>
<kw name="Log" library="BuiltIn">
<doc>Logs the given message with the given level.</doc>
<arguments>
<arg>Navigated to a destinaton and verified its Url</arg>
</arguments>
<msg timestamp="20180907 20:45:53.189" level="INFO">Navigated to a destinaton and verified its Url</msg>
<status status="PASS" endtime="20180907 20:45:53.190" starttime="20180907 20:45:53.189"></status>
</kw>
<kw type="teardown" name="TearDown Steps" library="Common_Keywords">
<kw name="Close Browser" library="ExtendedSelenium2Library">
<doc>Closes the current browser.</doc>
<status status="PASS" endtime="20180907 20:45:54.273" starttime="20180907 20:45:53.192"></status>
</kw>
<status status="PASS" endtime="20180907 20:45:54.274" starttime="20180907 20:45:53.191"></status>
</kw>
<doc>Navigate To First Destination And Verify Its URL</doc>
<status status="PASS" endtime="20180907 20:45:54.274" critical="yes" starttime="20180907 20:44:53.156"></status>
</test>
<status status="PASS" endtime="20180907 20:45:54.277" starttime="20180907 20:44:52.958"></status>
</suite>
<statistics>
<total>
<stat fail="0" pass="1">Critical Tests</stat>
<stat fail="0" pass="1">All Tests</stat>
</total>
<tag>
</tag>
<suite>
<stat fail="0" id="s1" name="TestCases" pass="1">TestCases</stat>
</suite>
</statistics>
<errors>
</errors>
</robot>
