<?xml version="1.0" encoding="UTF-8"?>
<robot generated="20180907 20:33:02.740" generator="Robot 3.0.4 (Python 2.7.10 on darwin)">
<suite source="/Users/swapan/AutomationFramework/TestCases/tc3_verify_newsletter.txt" id="s1" name="TestCases">
<test id="s1-t1" name="TC3 Subscribe To News Letter And Verify">
<kw type="setup" name="Setting Up" library="Common_Keywords">
<kw name="Open Browser" library="ExtendedSelenium2Library">
<doc>Opens a new browser instance to given URL.</doc>
<arguments>
<arg>${test_URL}</arg>
<arg>${browser}</arg>
</arguments>
<msg timestamp="20180907 20:33:03.098" level="INFO">Opening browser 'Chrome' to base url 'http://magazine.trivago.com/'</msg>
<kw name="Capture Page Screenshot" library="ExtendedSelenium2Library">
<doc>Takes a screenshot of the current page and embeds it into the log.</doc>
<msg timestamp="20180907 20:33:20.440" level="FAIL">NoSuchWindowException: Message: no such window: target window already closed
from unknown error: web view not found
  (Session info: chrome=68.0.3440.106)
  (Driver info: chromedriver=2.41.578706 (5f725d1b4f0a4acbf5259df887244095596231db),platform=Mac OS X 10.13.4 x86_64)
</msg>
<status status="FAIL" endtime="20180907 20:33:20.440" starttime="20180907 20:33:20.415"></status>
</kw>
<msg timestamp="20180907 20:33:20.441" level="WARN">Keyword 'Capture Page Screenshot' could not be run on failure: NoSuchWindowException: Message: no such window: target window already closed
from unknown error: web view not found
  (Session info: chrome=68.0.3440.106)
  (Driver info: chromedriver=2.41.578706 (5f725d1b4f0a4acbf5259df887244095596231db),platform=Mac OS X 10.13.4 x86_64)
</msg>
<msg timestamp="20180907 20:33:20.446" level="FAIL">NoSuchWindowException: Message: no such window: target window already closed
from unknown error: web view not found
  (Session info: chrome=68.0.3440.106)
  (Driver info: chromedriver=2.41.578706 (5f725d1b4f0a4acbf5259df887244095596231db),platform=Mac OS X 10.13.4 x86_64)
</msg>
<status status="FAIL" endtime="20180907 20:33:20.446" starttime="20180907 20:33:03.097"></status>
</kw>
<status status="FAIL" endtime="20180907 20:33:20.447" starttime="20180907 20:33:03.097"></status>
</kw>
<kw type="teardown" name="TearDown Steps" library="Common_Keywords">
<kw name="Close Browser" library="ExtendedSelenium2Library">
<doc>Closes the current browser.</doc>
<status status="PASS" endtime="20180907 20:33:20.534" starttime="20180907 20:33:20.450"></status>
</kw>
<status status="PASS" endtime="20180907 20:33:20.534" starttime="20180907 20:33:20.449"></status>
</kw>
<doc>Subscribe To News Letter And Verify</doc>
<status status="FAIL" endtime="20180907 20:33:20.534" critical="yes" starttime="20180907 20:33:03.096">Setup failed:
NoSuchWindowException: Message: no such window: target window already closed
from unknown error: web view not found
  (Session info: chrome=68.0.3440.106)
  (Driver info: chromedriver=2.41.578706 (5f725d1b4f0a4acbf5259df887244095596231db),platform=Mac OS X 10.13.4 x86_64)
</status>
</test>
<status status="FAIL" endtime="20180907 20:33:20.537" starttime="20180907 20:33:02.745"></status>
</suite>
<statistics>
<total>
<stat fail="1" pass="0">Critical Tests</stat>
<stat fail="1" pass="0">All Tests</stat>
</total>
<tag>
</tag>
<suite>
<stat fail="1" id="s1" name="TestCases" pass="0">TestCases</stat>
</suite>
</statistics>
<errors>
<msg timestamp="20180907 20:33:20.441" level="WARN">Keyword 'Capture Page Screenshot' could not be run on failure: NoSuchWindowException: Message: no such window: target window already closed
from unknown error: web view not found
  (Session info: chrome=68.0.3440.106)
  (Driver info: chromedriver=2.41.578706 (5f725d1b4f0a4acbf5259df887244095596231db),platform=Mac OS X 10.13.4 x86_64)
</msg>
</errors>
</robot>
