<?xml version="1.0" encoding="UTF-8"?>
<robot generated="20180907 22:14:21.919" generator="Robot 3.0.4 (Python 2.7.10 on darwin)">
<suite id="s1" name="TestCases">
<suite source="/Users/swapan/AutomationFramework/TestCases/tc1_verify_search.txt" id="s1-s1" name="Tc1 Verify Search">
<test id="s1-s1-t1" name="TC1 Verify Search">
<kw type="setup" name="Setting Up" library="Common_Keywords">
<kw name="Open Browser" library="ExtendedSelenium2Library">
<doc>Opens a new browser instance to given URL.</doc>
<arguments>
<arg>${test_URL}</arg>
<arg>${browser}</arg>
</arguments>
<msg timestamp="20180907 22:14:22.558" level="INFO">Opening browser 'Chrome' to base url 'http://magazine.trivago.com/'</msg>
<status status="PASS" endtime="20180907 22:14:31.181" starttime="20180907 22:14:22.558"></status>
</kw>
<kw name="Sleep" library="BuiltIn">
<doc>Pauses the test executed for the given time.</doc>
<arguments>
<arg>6</arg>
</arguments>
<msg timestamp="20180907 22:14:37.184" level="INFO">Slept 6 seconds</msg>
<status status="PASS" endtime="20180907 22:14:37.184" starttime="20180907 22:14:31.182"></status>
</kw>
<kw name="Set Selenium Speed" library="ExtendedSelenium2Library">
<doc>Sets the delay in seconds that is waited after each Selenium command.</doc>
<arguments>
<arg>1s</arg>
</arguments>
<status status="PASS" endtime="20180907 22:14:37.186" starttime="20180907 22:14:37.185"></status>
</kw>
<kw name="Register Keyword To Run On Failure" library="ExtendedSelenium2Library">
<doc>Sets the keyword to execute when a Selenium2Library keyword fails.</doc>
<arguments>
<arg>Failed Steps</arg>
</arguments>
<msg timestamp="20180907 22:14:37.187" level="INFO">Failed Steps will be run on failure.</msg>
<status status="PASS" endtime="20180907 22:14:37.187" starttime="20180907 22:14:37.187"></status>
</kw>
<status status="PASS" endtime="20180907 22:14:37.188" starttime="20180907 22:14:22.557"></status>
</kw>
<kw name="Wait And Click On Element" library="Common_Keywords">
<doc>Wait till 30 sec and click if element found</doc>
<arguments>
<arg>${Search_xpath}</arg>
</arguments>
<kw name="Wait Until Page Contains Element" library="ExtendedSelenium2Library">
<doc>Waits until element specified with `locator` appears on current page.</doc>
<arguments>
<arg>${Element_xpath}</arg>
<arg>30s</arg>
<arg>${error_mesg} ${Element_xpath}</arg>
</arguments>
<status status="PASS" endtime="20180907 22:14:38.223" starttime="20180907 22:14:37.190"></status>
</kw>
<kw name="Click Element" library="ExtendedSelenium2Library">
<doc>Clicks an element identified by ``locator``.</doc>
<arguments>
<arg>${Element_xpath}</arg>
</arguments>
<msg timestamp="20180907 22:14:38.226" level="INFO">Clicking element '//div[@class="search-icon"]'.</msg>
<status status="PASS" endtime="20180907 22:14:43.934" starttime="20180907 22:14:38.225"></status>
</kw>
<status status="PASS" endtime="20180907 22:14:43.934" starttime="20180907 22:14:37.188"></status>
</kw>
<kw name="Wait Until Page Contains Element" library="ExtendedSelenium2Library">
<doc>Waits until element specified with `locator` appears on current page.</doc>
<arguments>
<arg>${Search_TextBox_xpath}</arg>
<arg>30s</arg>
<arg>${error_mesg} ${Search_TextBox_xpath}</arg>
</arguments>
<status status="PASS" endtime="20180907 22:14:44.966" starttime="20180907 22:14:43.935"></status>
</kw>
<kw name="Input Text" library="ExtendedSelenium2Library">
<doc>Types the given `text` into text field identified by `locator`.</doc>
<arguments>
<arg>${Search_TextBox_xpath}</arg>
<arg>${location}</arg>
</arguments>
<msg timestamp="20180907 22:14:44.969" level="INFO">Typing text 'Midwest' into text field '//input[@class="input search-input"]'</msg>
<status status="PASS" endtime="20180907 22:14:52.228" starttime="20180907 22:14:44.967"></status>
</kw>
<kw name="Press Key" library="ExtendedSelenium2Library">
<doc>Simulates user pressing key on element identified by `locator`.</doc>
<arguments>
<arg>${Search_TextBox_xpath}</arg>
<arg>\\13</arg>
</arguments>
<status status="PASS" endtime="20180907 22:14:54.302" starttime="20180907 22:14:52.229"></status>
</kw>
<kw name="Wait Until Page Contains Element" library="ExtendedSelenium2Library">
<doc>Waits until element specified with `locator` appears on current page.</doc>
<arguments>
<arg>${Search_Result_xpath}</arg>
<arg>30s</arg>
<arg>${error_mesg} ${Search_Result_xpath}</arg>
</arguments>
<status status="PASS" endtime="20180907 22:14:55.994" starttime="20180907 22:14:54.303"></status>
</kw>
<kw name="Wait Until Page Contains Element" library="ExtendedSelenium2Library">
<doc>Waits until element specified with `locator` appears on current page.</doc>
<arguments>
<arg>${first_article_city_xpath}</arg>
<arg>30s</arg>
<arg>${error_mesg} ${first_article_city_xpath}</arg>
</arguments>
<status status="PASS" endtime="20180907 22:14:57.022" starttime="20180907 22:14:55.995"></status>
</kw>
<kw name="Log" library="BuiltIn">
<doc>Logs the given message with the given level.</doc>
<arguments>
<arg>Search result successfully verified</arg>
</arguments>
<msg timestamp="20180907 22:14:57.025" level="INFO">Search result successfully verified</msg>
<status status="PASS" endtime="20180907 22:14:57.025" starttime="20180907 22:14:57.024"></status>
</kw>
<kw type="teardown" name="TearDown Steps" library="Common_Keywords">
<kw name="Close Browser" library="ExtendedSelenium2Library">
<doc>Closes the current browser.</doc>
<status status="PASS" endtime="20180907 22:14:59.106" starttime="20180907 22:14:57.028"></status>
</kw>
<status status="PASS" endtime="20180907 22:14:59.106" starttime="20180907 22:14:57.027"></status>
</kw>
<doc>Verify Search By Entering A Location</doc>
<status status="PASS" endtime="20180907 22:14:59.106" critical="yes" starttime="20180907 22:14:22.556"></status>
</test>
<status status="PASS" endtime="20180907 22:14:59.110" starttime="20180907 22:14:21.957"></status>
</suite>
<suite source="/Users/swapan/AutomationFramework/TestCases/tc6_verify_countries.txt" id="s1-s2" name="Tc6 Verify Countries">
<test id="s1-s2-t1" name="TC6 Navigate To Country Drop Down And Verify All Urls">
<kw type="setup" name="Setting Up" library="Common_Keywords">
<kw name="Open Browser" library="ExtendedSelenium2Library">
<doc>Opens a new browser instance to given URL.</doc>
<arguments>
<arg>${test_URL}</arg>
<arg>${browser}</arg>
</arguments>
<msg timestamp="20180907 22:14:59.132" level="INFO">Opening browser 'Chrome' to base url 'http://magazine.trivago.com/'</msg>
<status status="PASS" endtime="20180907 22:15:15.659" starttime="20180907 22:14:59.131"></status>
</kw>
<kw name="Sleep" library="BuiltIn">
<doc>Pauses the test executed for the given time.</doc>
<arguments>
<arg>6</arg>
</arguments>
<msg timestamp="20180907 22:15:21.662" level="INFO">Slept 6 seconds</msg>
<status status="PASS" endtime="20180907 22:15:21.663" starttime="20180907 22:15:15.660"></status>
</kw>
<kw name="Set Selenium Speed" library="ExtendedSelenium2Library">
<doc>Sets the delay in seconds that is waited after each Selenium command.</doc>
<arguments>
<arg>1s</arg>
</arguments>
<status status="PASS" endtime="20180907 22:15:21.664" starttime="20180907 22:15:21.663"></status>
</kw>
<kw name="Register Keyword To Run On Failure" library="ExtendedSelenium2Library">
<doc>Sets the keyword to execute when a Selenium2Library keyword fails.</doc>
<arguments>
<arg>Failed Steps</arg>
</arguments>
<msg timestamp="20180907 22:15:21.665" level="INFO">Failed Steps will be run on failure.</msg>
<status status="PASS" endtime="20180907 22:15:21.665" starttime="20180907 22:15:21.664"></status>
</kw>
<status status="PASS" endtime="20180907 22:15:21.665" starttime="20180907 22:14:59.131"></status>
</kw>
<kw name="Sleep" library="BuiltIn">
<doc>Pauses the test executed for the given time.</doc>
<arguments>
<arg>2s</arg>
</arguments>
<msg timestamp="20180907 22:15:23.669" level="INFO">Slept 2 seconds</msg>
<status status="PASS" endtime="20180907 22:15:23.669" starttime="20180907 22:15:21.666"></status>
</kw>
<kw name="Wait Until Page Contains Element" library="ExtendedSelenium2Library">
<doc>Waits until element specified with `locator` appears on current page.</doc>
<arguments>
<arg>${Search_xpath}</arg>
<arg>30s</arg>
<arg>${error_mesg} ${Search_xpath}</arg>
</arguments>
<status status="PASS" endtime="20180907 22:15:24.702" starttime="20180907 22:15:23.671"></status>
</kw>
<kw name="Scroll Element Into View" library="ExtendedSelenium2Library">
<doc>Scrolls an element from given ``locator`` into view.</doc>
<arguments>
<arg>${Country_Option_xpath}</arg>
</arguments>
<msg timestamp="20180907 22:15:24.705" level="INFO">Scrolling element '//select[@class="locales-dropdown"]/option' into view.</msg>
<status status="PASS" endtime="20180907 22:15:26.749" starttime="20180907 22:15:24.704"></status>
</kw>
<kw name="Sleep" library="BuiltIn">
<doc>Pauses the test executed for the given time.</doc>
<arguments>
<arg>2s</arg>
</arguments>
<msg timestamp="20180907 22:15:28.751" level="INFO">Slept 2 seconds</msg>
<status status="PASS" endtime="20180907 22:15:28.751" starttime="20180907 22:15:26.750"></status>
</kw>
<kw name="Get Webelements" library="ExtendedSelenium2Library">
<doc>Returns list of WebElement objects matching locator.</doc>
<arguments>
<arg>${Country_Option_xpath}</arg>
</arguments>
<assign>
<var>@{countries_url_list}</var>
</assign>
<msg timestamp="20180907 22:15:29.775" level="INFO">@{countries_url_list} = [ &lt;selenium.webdriver.remote.webelement.WebElement (session="05303c4a82dc81176beaad9a333af903", element="0.37593799735303035-3")&gt; | &lt;selenium.webdriver.remote.webelement.WebElement (session="05303c4a8...</msg>
<status status="PASS" endtime="20180907 22:15:29.776" starttime="20180907 22:15:28.752"></status>
</kw>
<kw name="Create List" library="BuiltIn">
<doc>Returns a list containing given items.</doc>
<assign>
<var>@{url_list}</var>
</assign>
<msg timestamp="20180907 22:15:29.777" level="INFO">@{url_list} = [ ]</msg>
<status status="PASS" endtime="20180907 22:15:29.777" starttime="20180907 22:15:29.776"></status>
</kw>
<kw type="for" name="${ELEMENT} IN [ @{countries_url_list} ]">
<kw type="foritem" name="${ELEMENT} = &lt;selenium.webdriver.remote.webelement.WebElement (session=&quot;05303c4a82dc81176beaad9a333af903&quot;, element=&quot;0.37593799735303035-3&quot;)&gt;">
<kw name="Check Url" library="ApplicationLibrary">
<arguments>
<arg>${ELEMENT.get_attribute('value')}</arg>
</arguments>
<status status="PASS" endtime="20180907 22:15:52.426" starttime="20180907 22:15:29.778"></status>
</kw>
<kw name="Log" library="BuiltIn">
<doc>Logs the given message with the given level.</doc>
<arguments>
<arg>${ELEMENT.get_attribute('value')}</arg>
</arguments>
<msg timestamp="20180907 22:15:53.436" level="INFO">http://magazine.trivago.it</msg>
<status status="PASS" endtime="20180907 22:15:53.437" starttime="20180907 22:15:52.427"></status>
</kw>
<status status="PASS" endtime="20180907 22:15:53.437" starttime="20180907 22:15:29.778"></status>
</kw>
<kw type="foritem" name="${ELEMENT} = &lt;selenium.webdriver.remote.webelement.WebElement (session=&quot;05303c4a82dc81176beaad9a333af903&quot;, element=&quot;0.37593799735303035-4&quot;)&gt;">
<kw name="Check Url" library="ApplicationLibrary">
<arguments>
<arg>${ELEMENT.get_attribute('value')}</arg>
</arguments>
<status status="PASS" endtime="20180907 22:15:55.021" starttime="20180907 22:15:53.438"></status>
</kw>
<kw name="Log" library="BuiltIn">
<doc>Logs the given message with the given level.</doc>
<arguments>
<arg>${ELEMENT.get_attribute('value')}</arg>
</arguments>
<msg timestamp="20180907 22:15:56.037" level="INFO">http://magazine.trivago.es</msg>
<status status="PASS" endtime="20180907 22:15:56.037" starttime="20180907 22:15:55.022"></status>
</kw>
<status status="PASS" endtime="20180907 22:15:56.037" starttime="20180907 22:15:53.437"></status>
</kw>
<kw type="foritem" name="${ELEMENT} = &lt;selenium.webdriver.remote.webelement.WebElement (session=&quot;05303c4a82dc81176beaad9a333af903&quot;, element=&quot;0.37593799735303035-5&quot;)&gt;">
<kw name="Check Url" library="ApplicationLibrary">
<arguments>
<arg>${ELEMENT.get_attribute('value')}</arg>
</arguments>
<status status="PASS" endtime="20180907 22:15:57.816" starttime="20180907 22:15:56.038"></status>
</kw>
<kw name="Log" library="BuiltIn">
<doc>Logs the given message with the given level.</doc>
<arguments>
<arg>${ELEMENT.get_attribute('value')}</arg>
</arguments>
<msg timestamp="20180907 22:15:58.827" level="INFO">http://magazine.trivago.de</msg>
<status status="PASS" endtime="20180907 22:15:58.827" starttime="20180907 22:15:57.816"></status>
</kw>
<status status="PASS" endtime="20180907 22:15:58.827" starttime="20180907 22:15:56.038"></status>
</kw>
<kw type="foritem" name="${ELEMENT} = &lt;selenium.webdriver.remote.webelement.WebElement (session=&quot;05303c4a82dc81176beaad9a333af903&quot;, element=&quot;0.37593799735303035-6&quot;)&gt;">
<kw name="Check Url" library="ApplicationLibrary">
<arguments>
<arg>${ELEMENT.get_attribute('value')}</arg>
</arguments>
<status status="PASS" endtime="20180907 22:16:00.577" starttime="20180907 22:15:58.828"></status>
</kw>
<kw name="Log" library="BuiltIn">
<doc>Logs the given message with the given level.</doc>
<arguments>
<arg>${ELEMENT.get_attribute('value')}</arg>
</arguments>
<msg timestamp="20180907 22:16:01.589" level="INFO">http://room5.trivago.fr</msg>
<status status="PASS" endtime="20180907 22:16:01.589" starttime="20180907 22:16:00.577"></status>
</kw>
<status status="PASS" endtime="20180907 22:16:01.589" starttime="20180907 22:15:58.827"></status>
</kw>
<kw type="foritem" name="${ELEMENT} = &lt;selenium.webdriver.remote.webelement.WebElement (session=&quot;05303c4a82dc81176beaad9a333af903&quot;, element=&quot;0.37593799735303035-7&quot;)&gt;">
<kw name="Check Url" library="ApplicationLibrary">
<arguments>
<arg>${ELEMENT.get_attribute('value')}</arg>
</arguments>
<status status="PASS" endtime="20180907 22:16:03.367" starttime="20180907 22:16:01.590"></status>
</kw>
<kw name="Log" library="BuiltIn">
<doc>Logs the given message with the given level.</doc>
<arguments>
<arg>${ELEMENT.get_attribute('value')}</arg>
</arguments>
<msg timestamp="20180907 22:16:04.380" level="INFO">http://magazine.trivago.com</msg>
<status status="PASS" endtime="20180907 22:16:04.380" starttime="20180907 22:16:03.367"></status>
</kw>
<status status="PASS" endtime="20180907 22:16:04.381" starttime="20180907 22:16:01.589"></status>
</kw>
<kw type="foritem" name="${ELEMENT} = &lt;selenium.webdriver.remote.webelement.WebElement (session=&quot;05303c4a82dc81176beaad9a333af903&quot;, element=&quot;0.37593799735303035-8&quot;)&gt;">
<kw name="Check Url" library="ApplicationLibrary">
<arguments>
<arg>${ELEMENT.get_attribute('value')}</arg>
</arguments>
<status status="PASS" endtime="20180907 22:16:06.086" starttime="20180907 22:16:04.381"></status>
</kw>
<kw name="Log" library="BuiltIn">
<doc>Logs the given message with the given level.</doc>
<arguments>
<arg>${ELEMENT.get_attribute('value')}</arg>
</arguments>
<msg timestamp="20180907 22:16:07.101" level="INFO">http://magazine.trivago.ca</msg>
<status status="PASS" endtime="20180907 22:16:07.101" starttime="20180907 22:16:06.086"></status>
</kw>
<status status="PASS" endtime="20180907 22:16:07.101" starttime="20180907 22:16:04.381"></status>
</kw>
<kw type="foritem" name="${ELEMENT} = &lt;selenium.webdriver.remote.webelement.WebElement (session=&quot;05303c4a82dc81176beaad9a333af903&quot;, element=&quot;0.37593799735303035-9&quot;)&gt;">
<kw name="Check Url" library="ApplicationLibrary">
<arguments>
<arg>${ELEMENT.get_attribute('value')}</arg>
</arguments>
<status status="PASS" endtime="20180907 22:16:08.876" starttime="20180907 22:16:07.102"></status>
</kw>
<kw name="Log" library="BuiltIn">
<doc>Logs the given message with the given level.</doc>
<arguments>
<arg>${ELEMENT.get_attribute('value')}</arg>
</arguments>
<msg timestamp="20180907 22:16:09.887" level="INFO">http://magazine.trivago.hk</msg>
<status status="PASS" endtime="20180907 22:16:09.887" starttime="20180907 22:16:08.876"></status>
</kw>
<status status="PASS" endtime="20180907 22:16:09.888" starttime="20180907 22:16:07.102"></status>
</kw>
<kw type="foritem" name="${ELEMENT} = &lt;selenium.webdriver.remote.webelement.WebElement (session=&quot;05303c4a82dc81176beaad9a333af903&quot;, element=&quot;0.37593799735303035-10&quot;)&gt;">
<kw name="Check Url" library="ApplicationLibrary">
<arguments>
<arg>${ELEMENT.get_attribute('value')}</arg>
</arguments>
<status status="PASS" endtime="20180907 22:16:11.143" starttime="20180907 22:16:09.889"></status>
</kw>
<kw name="Log" library="BuiltIn">
<doc>Logs the given message with the given level.</doc>
<arguments>
<arg>${ELEMENT.get_attribute('value')}</arg>
</arguments>
<msg timestamp="20180907 22:16:12.160" level="INFO">http://magazine.trivago.com.au</msg>
<status status="PASS" endtime="20180907 22:16:12.160" starttime="20180907 22:16:11.143"></status>
</kw>
<status status="PASS" endtime="20180907 22:16:12.161" starttime="20180907 22:16:09.888"></status>
</kw>
<kw type="foritem" name="${ELEMENT} = &lt;selenium.webdriver.remote.webelement.WebElement (session=&quot;05303c4a82dc81176beaad9a333af903&quot;, element=&quot;0.37593799735303035-11&quot;)&gt;">
<kw name="Check Url" library="ApplicationLibrary">
<arguments>
<arg>${ELEMENT.get_attribute('value')}</arg>
</arguments>
<status status="PASS" endtime="20180907 22:16:13.928" starttime="20180907 22:16:12.161"></status>
</kw>
<kw name="Log" library="BuiltIn">
<doc>Logs the given message with the given level.</doc>
<arguments>
<arg>${ELEMENT.get_attribute('value')}</arg>
</arguments>
<msg timestamp="20180907 22:16:14.942" level="INFO">http://magazine.trivago.fi</msg>
<status status="PASS" endtime="20180907 22:16:14.942" starttime="20180907 22:16:13.928"></status>
</kw>
<status status="PASS" endtime="20180907 22:16:14.942" starttime="20180907 22:16:12.161"></status>
</kw>
<kw type="foritem" name="${ELEMENT} = &lt;selenium.webdriver.remote.webelement.WebElement (session=&quot;05303c4a82dc81176beaad9a333af903&quot;, element=&quot;0.37593799735303035-12&quot;)&gt;">
<kw name="Check Url" library="ApplicationLibrary">
<arguments>
<arg>${ELEMENT.get_attribute('value')}</arg>
</arguments>
<status status="PASS" endtime="20180907 22:16:16.895" starttime="20180907 22:16:14.943"></status>
</kw>
<kw name="Log" library="BuiltIn">
<doc>Logs the given message with the given level.</doc>
<arguments>
<arg>${ELEMENT.get_attribute('value')}</arg>
</arguments>
<msg timestamp="20180907 22:16:17.910" level="INFO">http://magazine.trivago.com.tr</msg>
<status status="PASS" endtime="20180907 22:16:17.911" starttime="20180907 22:16:16.896"></status>
</kw>
<status status="PASS" endtime="20180907 22:16:17.911" starttime="20180907 22:16:14.943"></status>
</kw>
<kw type="foritem" name="${ELEMENT} = &lt;selenium.webdriver.remote.webelement.WebElement (session=&quot;05303c4a82dc81176beaad9a333af903&quot;, element=&quot;0.37593799735303035-13&quot;)&gt;">
<kw name="Check Url" library="ApplicationLibrary">
<arguments>
<arg>${ELEMENT.get_attribute('value')}</arg>
</arguments>
<status status="PASS" endtime="20180907 22:16:19.217" starttime="20180907 22:16:17.911"></status>
</kw>
<kw name="Log" library="BuiltIn">
<doc>Logs the given message with the given level.</doc>
<arguments>
<arg>${ELEMENT.get_attribute('value')}</arg>
</arguments>
<msg timestamp="20180907 22:16:20.229" level="INFO">http://magazine.trivago.com.br</msg>
<status status="PASS" endtime="20180907 22:16:20.229" starttime="20180907 22:16:19.217"></status>
</kw>
<status status="PASS" endtime="20180907 22:16:20.229" starttime="20180907 22:16:17.911"></status>
</kw>
<kw type="foritem" name="${ELEMENT} = &lt;selenium.webdriver.remote.webelement.WebElement (session=&quot;05303c4a82dc81176beaad9a333af903&quot;, element=&quot;0.37593799735303035-14&quot;)&gt;">
<kw name="Check Url" library="ApplicationLibrary">
<arguments>
<arg>${ELEMENT.get_attribute('value')}</arg>
</arguments>
<status status="PASS" endtime="20180907 22:16:22.338" starttime="20180907 22:16:20.230"></status>
</kw>
<kw name="Log" library="BuiltIn">
<doc>Logs the given message with the given level.</doc>
<arguments>
<arg>${ELEMENT.get_attribute('value')}</arg>
</arguments>
<msg timestamp="20180907 22:16:23.351" level="INFO">http://magazine.trivago.pt</msg>
<status status="PASS" endtime="20180907 22:16:23.352" starttime="20180907 22:16:22.339"></status>
</kw>
<status status="PASS" endtime="20180907 22:16:23.352" starttime="20180907 22:16:20.229"></status>
</kw>
<kw type="foritem" name="${ELEMENT} = &lt;selenium.webdriver.remote.webelement.WebElement (session=&quot;05303c4a82dc81176beaad9a333af903&quot;, element=&quot;0.37593799735303035-15&quot;)&gt;">
<kw name="Check Url" library="ApplicationLibrary">
<arguments>
<arg>${ELEMENT.get_attribute('value')}</arg>
</arguments>
<status status="PASS" endtime="20180907 22:16:24.652" starttime="20180907 22:16:23.352"></status>
</kw>
<kw name="Log" library="BuiltIn">
<doc>Logs the given message with the given level.</doc>
<arguments>
<arg>${ELEMENT.get_attribute('value')}</arg>
</arguments>
<msg timestamp="20180907 22:16:25.664" level="INFO">http://magazine.trivago.com.mx</msg>
<status status="PASS" endtime="20180907 22:16:25.664" starttime="20180907 22:16:24.653"></status>
</kw>
<status status="PASS" endtime="20180907 22:16:25.664" starttime="20180907 22:16:23.352"></status>
</kw>
<kw type="foritem" name="${ELEMENT} = &lt;selenium.webdriver.remote.webelement.WebElement (session=&quot;05303c4a82dc81176beaad9a333af903&quot;, element=&quot;0.37593799735303035-16&quot;)&gt;">
<kw name="Check Url" library="ApplicationLibrary">
<arguments>
<arg>${ELEMENT.get_attribute('value')}</arg>
</arguments>
<status status="PASS" endtime="20180907 22:16:27.458" starttime="20180907 22:16:25.665"></status>
</kw>
<kw name="Log" library="BuiltIn">
<doc>Logs the given message with the given level.</doc>
<arguments>
<arg>${ELEMENT.get_attribute('value')}</arg>
</arguments>
<msg timestamp="20180907 22:16:28.469" level="INFO">http://magazine.trivago.ie</msg>
<status status="PASS" endtime="20180907 22:16:28.470" starttime="20180907 22:16:27.458"></status>
</kw>
<status status="PASS" endtime="20180907 22:16:28.470" starttime="20180907 22:16:25.665"></status>
</kw>
<kw type="foritem" name="${ELEMENT} = &lt;selenium.webdriver.remote.webelement.WebElement (session=&quot;05303c4a82dc81176beaad9a333af903&quot;, element=&quot;0.37593799735303035-17&quot;)&gt;">
<kw name="Check Url" library="ApplicationLibrary">
<arguments>
<arg>${ELEMENT.get_attribute('value')}</arg>
</arguments>
<status status="PASS" endtime="20180907 22:16:30.269" starttime="20180907 22:16:28.471"></status>
</kw>
<kw name="Log" library="BuiltIn">
<doc>Logs the given message with the given level.</doc>
<arguments>
<arg>${ELEMENT.get_attribute('value')}</arg>
</arguments>
<msg timestamp="20180907 22:16:31.282" level="INFO">http://magazine.trivago.co.uk</msg>
<status status="PASS" endtime="20180907 22:16:31.282" starttime="20180907 22:16:30.270"></status>
</kw>
<status status="PASS" endtime="20180907 22:16:31.282" starttime="20180907 22:16:28.470"></status>
</kw>
<kw type="foritem" name="${ELEMENT} = &lt;selenium.webdriver.remote.webelement.WebElement (session=&quot;05303c4a82dc81176beaad9a333af903&quot;, element=&quot;0.37593799735303035-18&quot;)&gt;">
<kw name="Check Url" library="ApplicationLibrary">
<arguments>
<arg>${ELEMENT.get_attribute('value')}</arg>
</arguments>
<status status="PASS" endtime="20180907 22:16:32.988" starttime="20180907 22:16:31.283"></status>
</kw>
<kw name="Log" library="BuiltIn">
<doc>Logs the given message with the given level.</doc>
<arguments>
<arg>${ELEMENT.get_attribute('value')}</arg>
</arguments>
<msg timestamp="20180907 22:16:34.002" level="INFO">http://magazine.trivago.gr</msg>
<status status="PASS" endtime="20180907 22:16:34.003" starttime="20180907 22:16:32.989"></status>
</kw>
<status status="PASS" endtime="20180907 22:16:34.003" starttime="20180907 22:16:31.283"></status>
</kw>
<kw type="foritem" name="${ELEMENT} = &lt;selenium.webdriver.remote.webelement.WebElement (session=&quot;05303c4a82dc81176beaad9a333af903&quot;, element=&quot;0.37593799735303035-19&quot;)&gt;">
<kw name="Check Url" library="ApplicationLibrary">
<arguments>
<arg>${ELEMENT.get_attribute('value')}</arg>
</arguments>
<status status="PASS" endtime="20180907 22:16:35.747" starttime="20180907 22:16:34.003"></status>
</kw>
<kw name="Log" library="BuiltIn">
<doc>Logs the given message with the given level.</doc>
<arguments>
<arg>${ELEMENT.get_attribute('value')}</arg>
</arguments>
<msg timestamp="20180907 22:16:36.761" level="INFO">http://magazine.trivago.dk</msg>
<status status="PASS" endtime="20180907 22:16:36.761" starttime="20180907 22:16:35.747"></status>
</kw>
<status status="PASS" endtime="20180907 22:16:36.761" starttime="20180907 22:16:34.003"></status>
</kw>
<kw type="foritem" name="${ELEMENT} = &lt;selenium.webdriver.remote.webelement.WebElement (session=&quot;05303c4a82dc81176beaad9a333af903&quot;, element=&quot;0.37593799735303035-20&quot;)&gt;">
<kw name="Check Url" library="ApplicationLibrary">
<arguments>
<arg>${ELEMENT.get_attribute('value')}</arg>
</arguments>
<status status="PASS" endtime="20180907 22:16:38.979" starttime="20180907 22:16:36.762"></status>
</kw>
<kw name="Log" library="BuiltIn">
<doc>Logs the given message with the given level.</doc>
<arguments>
<arg>${ELEMENT.get_attribute('value')}</arg>
</arguments>
<msg timestamp="20180907 22:16:39.992" level="INFO">http://magazine.trivago.no</msg>
<status status="PASS" endtime="20180907 22:16:39.993" starttime="20180907 22:16:38.980"></status>
</kw>
<status status="PASS" endtime="20180907 22:16:39.993" starttime="20180907 22:16:36.761"></status>
</kw>
<kw type="foritem" name="${ELEMENT} = &lt;selenium.webdriver.remote.webelement.WebElement (session=&quot;05303c4a82dc81176beaad9a333af903&quot;, element=&quot;0.37593799735303035-21&quot;)&gt;">
<kw name="Check Url" library="ApplicationLibrary">
<arguments>
<arg>${ELEMENT.get_attribute('value')}</arg>
</arguments>
<status status="PASS" endtime="20180907 22:16:42.177" starttime="20180907 22:16:39.994"></status>
</kw>
<kw name="Log" library="BuiltIn">
<doc>Logs the given message with the given level.</doc>
<arguments>
<arg>${ELEMENT.get_attribute('value')}</arg>
</arguments>
<msg timestamp="20180907 22:16:43.188" level="INFO">http://magazine.trivago.se</msg>
<status status="PASS" endtime="20180907 22:16:43.188" starttime="20180907 22:16:42.177"></status>
</kw>
<status status="PASS" endtime="20180907 22:16:43.188" starttime="20180907 22:16:39.993"></status>
</kw>
<kw type="foritem" name="${ELEMENT} = &lt;selenium.webdriver.remote.webelement.WebElement (session=&quot;05303c4a82dc81176beaad9a333af903&quot;, element=&quot;0.37593799735303035-22&quot;)&gt;">
<kw name="Check Url" library="ApplicationLibrary">
<arguments>
<arg>${ELEMENT.get_attribute('value')}</arg>
</arguments>
<status status="PASS" endtime="20180907 22:16:45.619" starttime="20180907 22:16:43.189"></status>
</kw>
<kw name="Log" library="BuiltIn">
<doc>Logs the given message with the given level.</doc>
<arguments>
<arg>${ELEMENT.get_attribute('value')}</arg>
</arguments>
<msg timestamp="20180907 22:16:46.632" level="INFO">http://magazine.trivago.cz</msg>
<status status="PASS" endtime="20180907 22:16:46.633" starttime="20180907 22:16:45.619"></status>
</kw>
<status status="PASS" endtime="20180907 22:16:46.633" starttime="20180907 22:16:43.189"></status>
</kw>
<kw type="foritem" name="${ELEMENT} = &lt;selenium.webdriver.remote.webelement.WebElement (session=&quot;05303c4a82dc81176beaad9a333af903&quot;, element=&quot;0.37593799735303035-23&quot;)&gt;">
<kw name="Check Url" library="ApplicationLibrary">
<arguments>
<arg>${ELEMENT.get_attribute('value')}</arg>
</arguments>
<status status="PASS" endtime="20180907 22:16:47.868" starttime="20180907 22:16:46.633"></status>
</kw>
<kw name="Log" library="BuiltIn">
<doc>Logs the given message with the given level.</doc>
<arguments>
<arg>${ELEMENT.get_attribute('value')}</arg>
</arguments>
<msg timestamp="20180907 22:16:48.880" level="INFO">http://magazine.trivago.sg</msg>
<status status="PASS" endtime="20180907 22:16:48.880" starttime="20180907 22:16:47.869"></status>
</kw>
<status status="PASS" endtime="20180907 22:16:48.881" starttime="20180907 22:16:46.633"></status>
</kw>
<kw type="foritem" name="${ELEMENT} = &lt;selenium.webdriver.remote.webelement.WebElement (session=&quot;05303c4a82dc81176beaad9a333af903&quot;, element=&quot;0.37593799735303035-24&quot;)&gt;">
<kw name="Check Url" library="ApplicationLibrary">
<arguments>
<arg>${ELEMENT.get_attribute('value')}</arg>
</arguments>
<status status="PASS" endtime="20180907 22:16:50.125" starttime="20180907 22:16:48.881"></status>
</kw>
<kw name="Log" library="BuiltIn">
<doc>Logs the given message with the given level.</doc>
<arguments>
<arg>${ELEMENT.get_attribute('value')}</arg>
</arguments>
<msg timestamp="20180907 22:16:51.138" level="INFO">http://magazine.trivago.com.ar</msg>
<status status="PASS" endtime="20180907 22:16:51.139" starttime="20180907 22:16:50.125"></status>
</kw>
<status status="PASS" endtime="20180907 22:16:51.139" starttime="20180907 22:16:48.881"></status>
</kw>
<kw type="foritem" name="${ELEMENT} = &lt;selenium.webdriver.remote.webelement.WebElement (session=&quot;05303c4a82dc81176beaad9a333af903&quot;, element=&quot;0.37593799735303035-25&quot;)&gt;">
<kw name="Check Url" library="ApplicationLibrary">
<arguments>
<arg>${ELEMENT.get_attribute('value')}</arg>
</arguments>
<status status="PASS" endtime="20180907 22:16:52.857" starttime="20180907 22:16:51.140"></status>
</kw>
<kw name="Log" library="BuiltIn">
<doc>Logs the given message with the given level.</doc>
<arguments>
<arg>${ELEMENT.get_attribute('value')}</arg>
</arguments>
<msg timestamp="20180907 22:16:53.872" level="INFO">http://magazine.trivago.pl</msg>
<status status="PASS" endtime="20180907 22:16:53.872" starttime="20180907 22:16:52.858"></status>
</kw>
<status status="PASS" endtime="20180907 22:16:53.872" starttime="20180907 22:16:51.140"></status>
</kw>
<kw type="foritem" name="${ELEMENT} = &lt;selenium.webdriver.remote.webelement.WebElement (session=&quot;05303c4a82dc81176beaad9a333af903&quot;, element=&quot;0.37593799735303035-26&quot;)&gt;">
<kw name="Check Url" library="ApplicationLibrary">
<arguments>
<arg>${ELEMENT.get_attribute('value')}</arg>
</arguments>
<status status="PASS" endtime="20180907 22:16:55.524" starttime="20180907 22:16:53.873"></status>
</kw>
<kw name="Log" library="BuiltIn">
<doc>Logs the given message with the given level.</doc>
<arguments>
<arg>${ELEMENT.get_attribute('value')}</arg>
</arguments>
<msg timestamp="20180907 22:16:56.538" level="INFO">http://magazine.trivago.ru</msg>
<status status="PASS" endtime="20180907 22:16:56.539" starttime="20180907 22:16:55.525"></status>
</kw>
<status status="PASS" endtime="20180907 22:16:56.539" starttime="20180907 22:16:53.873"></status>
</kw>
<kw type="foritem" name="${ELEMENT} = &lt;selenium.webdriver.remote.webelement.WebElement (session=&quot;05303c4a82dc81176beaad9a333af903&quot;, element=&quot;0.37593799735303035-27&quot;)&gt;">
<kw name="Check Url" library="ApplicationLibrary">
<arguments>
<arg>${ELEMENT.get_attribute('value')}</arg>
</arguments>
<status status="PASS" endtime="20180907 22:16:58.336" starttime="20180907 22:16:56.540"></status>
</kw>
<kw name="Log" library="BuiltIn">
<doc>Logs the given message with the given level.</doc>
<arguments>
<arg>${ELEMENT.get_attribute('value')}</arg>
</arguments>
<msg timestamp="20180907 22:16:59.350" level="INFO">http://magazine.trivago.hu</msg>
<status status="PASS" endtime="20180907 22:16:59.350" starttime="20180907 22:16:58.337"></status>
</kw>
<status status="PASS" endtime="20180907 22:16:59.350" starttime="20180907 22:16:56.539"></status>
</kw>
<status status="PASS" endtime="20180907 22:16:59.350" starttime="20180907 22:15:29.778"></status>
</kw>
<kw name="Log" library="BuiltIn">
<doc>Logs the given message with the given level.</doc>
<arguments>
<arg>Verified All Countries Page Redirections</arg>
</arguments>
<msg timestamp="20180907 22:16:59.351" level="INFO">Verified All Countries Page Redirections</msg>
<status status="PASS" endtime="20180907 22:16:59.352" starttime="20180907 22:16:59.351"></status>
</kw>
<kw type="teardown" name="TearDown Steps" library="Common_Keywords">
<kw name="Close Browser" library="ExtendedSelenium2Library">
<doc>Closes the current browser.</doc>
<status status="PASS" endtime="20180907 22:17:00.424" starttime="20180907 22:16:59.353"></status>
</kw>
<status status="PASS" endtime="20180907 22:17:00.425" starttime="20180907 22:16:59.353"></status>
</kw>
<doc>Navigate To Country Drop Down And Verify All Urls</doc>
<status status="PASS" endtime="20180907 22:17:00.425" critical="yes" starttime="20180907 22:14:59.130"></status>
</test>
<status status="PASS" endtime="20180907 22:17:00.428" starttime="20180907 22:14:59.114"></status>
</suite>
<suite source="/Users/swapan/AutomationFramework/TestCases/tc4_verify_destination.txt" id="s1-s3" name="Tc4 Verify Destination">
<test id="s1-s3-t1" name="TC4 Navigate To First Destination And Verify Its URL">
<kw type="setup" name="Setting Up" library="Common_Keywords">
<kw name="Open Browser" library="ExtendedSelenium2Library">
<doc>Opens a new browser instance to given URL.</doc>
<arguments>
<arg>${test_URL}</arg>
<arg>${browser}</arg>
</arguments>
<msg timestamp="20180907 22:17:00.447" level="INFO">Opening browser 'Chrome' to base url 'http://magazine.trivago.com/'</msg>
<status status="PASS" endtime="20180907 22:17:15.437" starttime="20180907 22:17:00.447"></status>
</kw>
<kw name="Sleep" library="BuiltIn">
<doc>Pauses the test executed for the given time.</doc>
<arguments>
<arg>6</arg>
</arguments>
<msg timestamp="20180907 22:17:21.439" level="INFO">Slept 6 seconds</msg>
<status status="PASS" endtime="20180907 22:17:21.440" starttime="20180907 22:17:15.438"></status>
</kw>
<kw name="Set Selenium Speed" library="ExtendedSelenium2Library">
<doc>Sets the delay in seconds that is waited after each Selenium command.</doc>
<arguments>
<arg>1s</arg>
</arguments>
<status status="PASS" endtime="20180907 22:17:21.442" starttime="20180907 22:17:21.441"></status>
</kw>
<kw name="Register Keyword To Run On Failure" library="ExtendedSelenium2Library">
<doc>Sets the keyword to execute when a Selenium2Library keyword fails.</doc>
<arguments>
<arg>Failed Steps</arg>
</arguments>
<msg timestamp="20180907 22:17:21.443" level="INFO">Failed Steps will be run on failure.</msg>
<status status="PASS" endtime="20180907 22:17:21.443" starttime="20180907 22:17:21.442"></status>
</kw>
<status status="PASS" endtime="20180907 22:17:21.443" starttime="20180907 22:17:00.446"></status>
</kw>
<kw name="Wait And Click On Element" library="Common_Keywords">
<doc>Wait till 30 sec and click if element found</doc>
<arguments>
<arg>${Menu_xpath}</arg>
</arguments>
<kw name="Wait Until Page Contains Element" library="ExtendedSelenium2Library">
<doc>Waits until element specified with `locator` appears on current page.</doc>
<arguments>
<arg>${Element_xpath}</arg>
<arg>30s</arg>
<arg>${error_mesg} ${Element_xpath}</arg>
</arguments>
<status status="PASS" endtime="20180907 22:17:22.472" starttime="20180907 22:17:21.446"></status>
</kw>
<kw name="Click Element" library="ExtendedSelenium2Library">
<doc>Clicks an element identified by ``locator``.</doc>
<arguments>
<arg>${Element_xpath}</arg>
</arguments>
<msg timestamp="20180907 22:17:22.474" level="INFO">Clicking element '//div[@class="nav-icon"]'.</msg>
<status status="PASS" endtime="20180907 22:17:28.122" starttime="20180907 22:17:22.473"></status>
</kw>
<status status="PASS" endtime="20180907 22:17:28.123" starttime="20180907 22:17:21.444"></status>
</kw>
<kw name="Wait And Click On Element" library="Common_Keywords">
<doc>Wait till 30 sec and click if element found</doc>
<arguments>
<arg>${Menu_Destination_xpath}</arg>
</arguments>
<kw name="Wait Until Page Contains Element" library="ExtendedSelenium2Library">
<doc>Waits until element specified with `locator` appears on current page.</doc>
<arguments>
<arg>${Element_xpath}</arg>
<arg>30s</arg>
<arg>${error_mesg} ${Element_xpath}</arg>
</arguments>
<status status="PASS" endtime="20180907 22:17:29.157" starttime="20180907 22:17:28.125"></status>
</kw>
<kw name="Click Element" library="ExtendedSelenium2Library">
<doc>Clicks an element identified by ``locator``.</doc>
<arguments>
<arg>${Element_xpath}</arg>
</arguments>
<msg timestamp="20180907 22:17:29.159" level="INFO">Clicking element '//div/div[@class="menu-title" and .="Destinations"]'.</msg>
<status status="PASS" endtime="20180907 22:17:34.794" starttime="20180907 22:17:29.158"></status>
</kw>
<status status="PASS" endtime="20180907 22:17:34.795" starttime="20180907 22:17:28.124"></status>
</kw>
<kw name="Get Element Attribute" library="ExtendedSelenium2Library">
<doc>Return value of element attribute.</doc>
<arguments>
<arg>${First_Destination_xpath}@href</arg>
</arguments>
<assign>
<var>${url}</var>
</assign>
<msg timestamp="20180907 22:17:36.839" level="INFO">${url} = http://magazine.trivago.com/destination/usa/west/</msg>
<status status="PASS" endtime="20180907 22:17:36.839" starttime="20180907 22:17:34.796"></status>
</kw>
<kw name="Log" library="BuiltIn">
<doc>Logs the given message with the given level.</doc>
<arguments>
<arg>${url}</arg>
</arguments>
<msg timestamp="20180907 22:17:36.841" level="INFO">http://magazine.trivago.com/destination/usa/west/</msg>
<status status="PASS" endtime="20180907 22:17:36.842" starttime="20180907 22:17:36.841"></status>
</kw>
<kw name="Click Element" library="ExtendedSelenium2Library">
<doc>Clicks an element identified by ``locator``.</doc>
<arguments>
<arg>${First_Destination_xpath}</arg>
</arguments>
<msg timestamp="20180907 22:17:36.843" level="INFO">Clicking element '//div[contains(@class,"swiper-slide menu-destination-card")][1]/a'.</msg>
<status status="PASS" endtime="20180907 22:17:42.494" starttime="20180907 22:17:36.842"></status>
</kw>
<kw name="Location Should Contain" library="ExtendedSelenium2Library">
<doc>Verifies that current URL contains `expected`.</doc>
<arguments>
<arg>${url}</arg>
</arguments>
<msg timestamp="20180907 22:17:48.062" level="INFO">Current location contains 'http://magazine.trivago.com/destination/usa/west/'.</msg>
<status status="PASS" endtime="20180907 22:17:48.062" starttime="20180907 22:17:42.495"></status>
</kw>
<kw name="Log" library="BuiltIn">
<doc>Logs the given message with the given level.</doc>
<arguments>
<arg>Navigated to a destinaton and verified its Url</arg>
</arguments>
<msg timestamp="20180907 22:17:48.064" level="INFO">Navigated to a destinaton and verified its Url</msg>
<status status="PASS" endtime="20180907 22:17:48.064" starttime="20180907 22:17:48.063"></status>
</kw>
<kw type="teardown" name="TearDown Steps" library="Common_Keywords">
<kw name="Close Browser" library="ExtendedSelenium2Library">
<doc>Closes the current browser.</doc>
<status status="PASS" endtime="20180907 22:17:49.133" starttime="20180907 22:17:48.066"></status>
</kw>
<status status="PASS" endtime="20180907 22:17:49.133" starttime="20180907 22:17:48.065"></status>
</kw>
<doc>Navigate To First Destination And Verify Its URL</doc>
<status status="PASS" endtime="20180907 22:17:49.134" critical="yes" starttime="20180907 22:17:00.445"></status>
</test>
<status status="PASS" endtime="20180907 22:17:49.136" starttime="20180907 22:17:00.432"></status>
</suite>
<suite source="/Users/swapan/AutomationFramework/TestCases/tc3_verify_newsletter.txt" id="s1-s4" name="Tc3 Verify Newsletter">
<test id="s1-s4-t1" name="TC3 Subscribe To News Letter And Verify">
<kw type="setup" name="Setting Up" library="Common_Keywords">
<kw name="Open Browser" library="ExtendedSelenium2Library">
<doc>Opens a new browser instance to given URL.</doc>
<arguments>
<arg>${test_URL}</arg>
<arg>${browser}</arg>
</arguments>
<msg timestamp="20180907 22:17:49.151" level="INFO">Opening browser 'Chrome' to base url 'http://magazine.trivago.com/'</msg>
<status status="PASS" endtime="20180907 22:18:03.308" starttime="20180907 22:17:49.150"></status>
</kw>
<kw name="Sleep" library="BuiltIn">
<doc>Pauses the test executed for the given time.</doc>
<arguments>
<arg>6</arg>
</arguments>
<msg timestamp="20180907 22:18:09.311" level="INFO">Slept 6 seconds</msg>
<status status="PASS" endtime="20180907 22:18:09.311" starttime="20180907 22:18:03.310"></status>
</kw>
<kw name="Set Selenium Speed" library="ExtendedSelenium2Library">
<doc>Sets the delay in seconds that is waited after each Selenium command.</doc>
<arguments>
<arg>1s</arg>
</arguments>
<status status="PASS" endtime="20180907 22:18:09.312" starttime="20180907 22:18:09.312"></status>
</kw>
<kw name="Register Keyword To Run On Failure" library="ExtendedSelenium2Library">
<doc>Sets the keyword to execute when a Selenium2Library keyword fails.</doc>
<arguments>
<arg>Failed Steps</arg>
</arguments>
<msg timestamp="20180907 22:18:09.315" level="INFO">Failed Steps will be run on failure.</msg>
<status status="PASS" endtime="20180907 22:18:09.315" starttime="20180907 22:18:09.313"></status>
</kw>
<status status="PASS" endtime="20180907 22:18:09.315" starttime="20180907 22:17:49.150"></status>
</kw>
<kw name="Wait Until Page Contains Element" library="ExtendedSelenium2Library">
<doc>Waits until element specified with `locator` appears on current page.</doc>
<arguments>
<arg>${Search_xpath}</arg>
<arg>30s</arg>
<arg>${error_mesg} ${Search_xpath}</arg>
</arguments>
<status status="PASS" endtime="20180907 22:18:10.345" starttime="20180907 22:18:09.316"></status>
</kw>
<kw name="Scroll Element Into View" library="ExtendedSelenium2Library">
<doc>Scrolls an element from given ``locator`` into view.</doc>
<arguments>
<arg>${NewsLetter_CheckBox_xpath}</arg>
</arguments>
<msg timestamp="20180907 22:18:10.347" level="INFO">Scrolling element '//input[@id="confirm"]' into view.</msg>
<status status="PASS" endtime="20180907 22:18:12.391" starttime="20180907 22:18:10.346"></status>
</kw>
<kw name="Click Element" library="ExtendedSelenium2Library">
<doc>Clicks an element identified by ``locator``.</doc>
<arguments>
<arg>${NewsLetter_CheckBox_xpath}</arg>
</arguments>
<msg timestamp="20180907 22:18:12.393" level="INFO">Clicking element '//input[@id="confirm"]'.</msg>
<status status="PASS" endtime="20180907 22:18:18.030" starttime="20180907 22:18:12.393"></status>
</kw>
<kw name="Input Text" library="ExtendedSelenium2Library">
<doc>Types the given `text` into text field identified by `locator`.</doc>
<arguments>
<arg>${NewsLetter_Email_xpath}</arg>
<arg>${test_email}</arg>
</arguments>
<msg timestamp="20180907 22:18:18.032" level="INFO">Typing text 'test123455@gmail.com' into text field '//div[@class="newsletter-email"]/input[@class="et-email"]'</msg>
<status status="PASS" endtime="20180907 22:18:25.450" starttime="20180907 22:18:18.031"></status>
</kw>
<kw name="Sleep" library="BuiltIn">
<doc>Pauses the test executed for the given time.</doc>
<arguments>
<arg>2s</arg>
</arguments>
<msg timestamp="20180907 22:18:27.452" level="INFO">Slept 2 seconds</msg>
<status status="PASS" endtime="20180907 22:18:27.453" starttime="20180907 22:18:25.450"></status>
</kw>
<kw name="Click Element" library="ExtendedSelenium2Library">
<doc>Clicks an element identified by ``locator``.</doc>
<arguments>
<arg>${NewsLetter_InspireMe_xpath}</arg>
</arguments>
<msg timestamp="20180907 22:18:27.454" level="INFO">Clicking element '//div[@class="newsletter-submit"]/button'.</msg>
<status status="PASS" endtime="20180907 22:18:33.113" starttime="20180907 22:18:27.453"></status>
</kw>
<kw name="Sleep" library="BuiltIn">
<doc>Pauses the test executed for the given time.</doc>
<arguments>
<arg>12s</arg>
</arguments>
<msg timestamp="20180907 22:18:45.115" level="INFO">Slept 12 seconds</msg>
<status status="PASS" endtime="20180907 22:18:45.115" starttime="20180907 22:18:33.114"></status>
</kw>
<kw name="Reload Page" library="ExtendedSelenium2Library">
<doc>Simulates user reloading page.</doc>
<status status="PASS" endtime="20180907 22:18:48.496" starttime="20180907 22:18:45.116"></status>
</kw>
<kw name="Page Should Not Contain Element" library="ExtendedSelenium2Library">
<doc>Verifies element identified by `locator` is not found on the current page.</doc>
<arguments>
<arg>${NewsLetter_InspireMe_xpath}</arg>
</arguments>
<msg timestamp="20180907 22:19:01.532" level="INFO">Current page does not contain element '//div[@class="newsletter-submit"]/button'.</msg>
<status status="PASS" endtime="20180907 22:19:01.533" starttime="20180907 22:18:48.497"></status>
</kw>
<kw name="Log" library="BuiltIn">
<doc>Logs the given message with the given level.</doc>
<arguments>
<arg>Subscription Successfully verified</arg>
</arguments>
<msg timestamp="20180907 22:19:01.534" level="INFO">Subscription Successfully verified</msg>
<status status="PASS" endtime="20180907 22:19:01.534" starttime="20180907 22:19:01.533"></status>
</kw>
<kw type="teardown" name="TearDown Steps" library="Common_Keywords">
<kw name="Close Browser" library="ExtendedSelenium2Library">
<doc>Closes the current browser.</doc>
<status status="PASS" endtime="20180907 22:19:02.601" starttime="20180907 22:19:01.536"></status>
</kw>
<status status="PASS" endtime="20180907 22:19:02.602" starttime="20180907 22:19:01.535"></status>
</kw>
<doc>Subscribe To News Letter And Verify</doc>
<status status="PASS" endtime="20180907 22:19:02.603" critical="yes" starttime="20180907 22:17:49.149"></status>
</test>
<status status="PASS" endtime="20180907 22:19:02.606" starttime="20180907 22:17:49.139"></status>
</suite>
<suite source="/Users/swapan/AutomationFramework/TestCases/tc5_verify_trendingnow.txt" id="s1-s5" name="Tc5 Verify Trendingnow">
<test id="s1-s5-t1" name="TC5 Navigate To First Article Of Trending Now Section And Verify All Hotels">
<kw type="setup" name="Setting Up" library="Common_Keywords">
<kw name="Open Browser" library="ExtendedSelenium2Library">
<doc>Opens a new browser instance to given URL.</doc>
<arguments>
<arg>${test_URL}</arg>
<arg>${browser}</arg>
</arguments>
<msg timestamp="20180907 22:19:02.621" level="INFO">Opening browser 'Chrome' to base url 'http://magazine.trivago.com/'</msg>
<status status="PASS" endtime="20180907 22:19:16.605" starttime="20180907 22:19:02.621"></status>
</kw>
<kw name="Sleep" library="BuiltIn">
<doc>Pauses the test executed for the given time.</doc>
<arguments>
<arg>6</arg>
</arguments>
<msg timestamp="20180907 22:19:22.608" level="INFO">Slept 6 seconds</msg>
<status status="PASS" endtime="20180907 22:19:22.608" starttime="20180907 22:19:16.606"></status>
</kw>
<kw name="Set Selenium Speed" library="ExtendedSelenium2Library">
<doc>Sets the delay in seconds that is waited after each Selenium command.</doc>
<arguments>
<arg>1s</arg>
</arguments>
<status status="PASS" endtime="20180907 22:19:22.609" starttime="20180907 22:19:22.608"></status>
</kw>
<kw name="Register Keyword To Run On Failure" library="ExtendedSelenium2Library">
<doc>Sets the keyword to execute when a Selenium2Library keyword fails.</doc>
<arguments>
<arg>Failed Steps</arg>
</arguments>
<msg timestamp="20180907 22:19:22.611" level="INFO">Failed Steps will be run on failure.</msg>
<status status="PASS" endtime="20180907 22:19:22.611" starttime="20180907 22:19:22.610"></status>
</kw>
<status status="PASS" endtime="20180907 22:19:22.612" starttime="20180907 22:19:02.621"></status>
</kw>
<kw name="Wait Until Page Contains Element" library="ExtendedSelenium2Library">
<doc>Waits until element specified with `locator` appears on current page.</doc>
<arguments>
<arg>${Search_xpath}</arg>
<arg>30s</arg>
<arg>${error_mesg} ${Search_xpath}</arg>
</arguments>
<status status="PASS" endtime="20180907 22:19:23.647" starttime="20180907 22:19:22.613"></status>
</kw>
<kw name="Scroll Element Into View" library="ExtendedSelenium2Library">
<doc>Scrolls an element from given ``locator`` into view.</doc>
<arguments>
<arg>${Trending_Now_xpath}</arg>
</arguments>
<msg timestamp="20180907 22:19:23.648" level="INFO">Scrolling element '//h2/span[.="Trending Now"]' into view.</msg>
<status status="PASS" endtime="20180907 22:19:25.695" starttime="20180907 22:19:23.647"></status>
</kw>
<kw name="Sleep" library="BuiltIn">
<doc>Pauses the test executed for the given time.</doc>
<arguments>
<arg>2</arg>
</arguments>
<msg timestamp="20180907 22:19:27.699" level="INFO">Slept 2 seconds</msg>
<status status="PASS" endtime="20180907 22:19:27.699" starttime="20180907 22:19:25.696"></status>
</kw>
<kw name="Wait And Click On Element" library="Common_Keywords">
<doc>Wait till 30 sec and click if element found</doc>
<arguments>
<arg>${Trending_Now_Assets_xpath}</arg>
</arguments>
<kw name="Wait Until Page Contains Element" library="ExtendedSelenium2Library">
<doc>Waits until element specified with `locator` appears on current page.</doc>
<arguments>
<arg>${Element_xpath}</arg>
<arg>30s</arg>
<arg>${error_mesg} ${Element_xpath}</arg>
</arguments>
<status status="PASS" endtime="20180907 22:19:28.730" starttime="20180907 22:19:27.702"></status>
</kw>
<kw name="Click Element" library="ExtendedSelenium2Library">
<doc>Clicks an element identified by ``locator``.</doc>
<arguments>
<arg>${Element_xpath}</arg>
</arguments>
<msg timestamp="20180907 22:19:28.734" level="INFO">Clicking element '//div[contains(@class,"recent-article-card")][1]/a'.</msg>
<status status="PASS" endtime="20180907 22:19:34.403" starttime="20180907 22:19:28.731"></status>
</kw>
<status status="PASS" endtime="20180907 22:19:34.403" starttime="20180907 22:19:27.700"></status>
</kw>
<kw name="Get Webelements" library="ExtendedSelenium2Library">
<doc>Returns list of WebElement objects matching locator.</doc>
<arguments>
<arg>${View_Hotel_Btns_xpath}</arg>
</arguments>
<assign>
<var>@{trendingitemsList}</var>
</assign>
<msg timestamp="20180907 22:19:35.430" level="INFO">@{trendingitemsList} = [ &lt;selenium.webdriver.remote.webelement.WebElement (session="ee7462f6ddc144cde1c62b7a2965d5b7", element="0.7081535903863951-5")&gt; | &lt;selenium.webdriver.remote.webelement.WebElement (session="ee7462f6dd...</msg>
<status status="PASS" endtime="20180907 22:19:35.430" starttime="20180907 22:19:34.404"></status>
</kw>
<kw name="Create List" library="BuiltIn">
<doc>Returns a list containing given items.</doc>
<assign>
<var>@{urlList}</var>
</assign>
<msg timestamp="20180907 22:19:35.433" level="INFO">@{urlList} = [ ]</msg>
<status status="PASS" endtime="20180907 22:19:35.433" starttime="20180907 22:19:35.432"></status>
</kw>
<kw type="for" name="${ELEMENT} IN [ @{trendingitemsList} ]">
<kw type="foritem" name="${ELEMENT} = &lt;selenium.webdriver.remote.webelement.WebElement (session=&quot;ee7462f6ddc144cde1c62b7a2965d5b7&quot;, element=&quot;0.7081535903863951-5&quot;)&gt;">
<kw name="Sleep" library="BuiltIn">
<doc>Pauses the test executed for the given time.</doc>
<arguments>
<arg>5</arg>
</arguments>
<msg timestamp="20180907 22:19:40.436" level="INFO">Slept 5 seconds</msg>
<status status="PASS" endtime="20180907 22:19:40.436" starttime="20180907 22:19:35.435"></status>
</kw>
<kw name="Scroll Element Into View" library="ExtendedSelenium2Library">
<doc>Scrolls an element from given ``locator`` into view.</doc>
<arguments>
<arg>${ELEMENT}</arg>
</arguments>
<status status="PASS" endtime="20180907 22:19:41.460" starttime="20180907 22:19:40.437"></status>
</kw>
<kw name="Append To List" library="Collections">
<doc>Adds ``values`` to the end of ``list``.</doc>
<arguments>
<arg>${urlList}</arg>
<arg>${ELEMENT.get_attribute('href')}</arg>
</arguments>
<status status="PASS" endtime="20180907 22:19:42.480" starttime="20180907 22:19:41.462"></status>
</kw>
<kw name="Click Element" library="ExtendedSelenium2Library">
<doc>Clicks an element identified by ``locator``.</doc>
<arguments>
<arg>${ELEMENT}</arg>
</arguments>
<msg timestamp="20180907 22:19:42.481" level="INFO">Clicking element '&lt;selenium.webdriver.remote.webelement.WebElement (session="ee7462f6ddc144cde1c62b7a2965d5b7", element="0.7081535903863951-5")&gt;'.</msg>
<status status="PASS" endtime="20180907 22:19:47.228" starttime="20180907 22:19:42.480"></status>
</kw>
<status status="PASS" endtime="20180907 22:19:47.228" starttime="20180907 22:19:35.434"></status>
</kw>
<kw type="foritem" name="${ELEMENT} = &lt;selenium.webdriver.remote.webelement.WebElement (session=&quot;ee7462f6ddc144cde1c62b7a2965d5b7&quot;, element=&quot;0.7081535903863951-6&quot;)&gt;">
<kw name="Sleep" library="BuiltIn">
<doc>Pauses the test executed for the given time.</doc>
<arguments>
<arg>5</arg>
</arguments>
<msg timestamp="20180907 22:19:52.231" level="INFO">Slept 5 seconds</msg>
<status status="PASS" endtime="20180907 22:19:52.232" starttime="20180907 22:19:47.229"></status>
</kw>
<kw name="Scroll Element Into View" library="ExtendedSelenium2Library">
<doc>Scrolls an element from given ``locator`` into view.</doc>
<arguments>
<arg>${ELEMENT}</arg>
</arguments>
<status status="PASS" endtime="20180907 22:19:53.252" starttime="20180907 22:19:52.233"></status>
</kw>
<kw name="Append To List" library="Collections">
<doc>Adds ``values`` to the end of ``list``.</doc>
<arguments>
<arg>${urlList}</arg>
<arg>${ELEMENT.get_attribute('href')}</arg>
</arguments>
<status status="PASS" endtime="20180907 22:19:54.269" starttime="20180907 22:19:53.252"></status>
</kw>
<kw name="Click Element" library="ExtendedSelenium2Library">
<doc>Clicks an element identified by ``locator``.</doc>
<arguments>
<arg>${ELEMENT}</arg>
</arguments>
<msg timestamp="20180907 22:19:54.270" level="INFO">Clicking element '&lt;selenium.webdriver.remote.webelement.WebElement (session="ee7462f6ddc144cde1c62b7a2965d5b7", element="0.7081535903863951-6")&gt;'.</msg>
<status status="PASS" endtime="20180907 22:20:04.394" starttime="20180907 22:19:54.270"></status>
</kw>
<status status="PASS" endtime="20180907 22:20:04.394" starttime="20180907 22:19:47.229"></status>
</kw>
<kw type="foritem" name="${ELEMENT} = &lt;selenium.webdriver.remote.webelement.WebElement (session=&quot;ee7462f6ddc144cde1c62b7a2965d5b7&quot;, element=&quot;0.7081535903863951-7&quot;)&gt;">
<kw name="Sleep" library="BuiltIn">
<doc>Pauses the test executed for the given time.</doc>
<arguments>
<arg>5</arg>
</arguments>
<msg timestamp="20180907 22:20:09.398" level="INFO">Slept 5 seconds</msg>
<status status="PASS" endtime="20180907 22:20:09.399" starttime="20180907 22:20:04.395"></status>
</kw>
<kw name="Scroll Element Into View" library="ExtendedSelenium2Library">
<doc>Scrolls an element from given ``locator`` into view.</doc>
<arguments>
<arg>${ELEMENT}</arg>
</arguments>
<status status="PASS" endtime="20180907 22:20:10.421" starttime="20180907 22:20:09.399"></status>
</kw>
<kw name="Append To List" library="Collections">
<doc>Adds ``values`` to the end of ``list``.</doc>
<arguments>
<arg>${urlList}</arg>
<arg>${ELEMENT.get_attribute('href')}</arg>
</arguments>
<status status="PASS" endtime="20180907 22:20:11.438" starttime="20180907 22:20:10.421"></status>
</kw>
<kw name="Click Element" library="ExtendedSelenium2Library">
<doc>Clicks an element identified by ``locator``.</doc>
<arguments>
<arg>${ELEMENT}</arg>
</arguments>
<msg timestamp="20180907 22:20:11.439" level="INFO">Clicking element '&lt;selenium.webdriver.remote.webelement.WebElement (session="ee7462f6ddc144cde1c62b7a2965d5b7", element="0.7081535903863951-7")&gt;'.</msg>
<status status="PASS" endtime="20180907 22:20:21.156" starttime="20180907 22:20:11.438"></status>
</kw>
<status status="PASS" endtime="20180907 22:20:21.156" starttime="20180907 22:20:04.395"></status>
</kw>
<kw type="foritem" name="${ELEMENT} = &lt;selenium.webdriver.remote.webelement.WebElement (session=&quot;ee7462f6ddc144cde1c62b7a2965d5b7&quot;, element=&quot;0.7081535903863951-8&quot;)&gt;">
<kw name="Sleep" library="BuiltIn">
<doc>Pauses the test executed for the given time.</doc>
<arguments>
<arg>5</arg>
</arguments>
<msg timestamp="20180907 22:20:26.157" level="INFO">Slept 5 seconds</msg>
<status status="PASS" endtime="20180907 22:20:26.158" starttime="20180907 22:20:21.157"></status>
</kw>
<kw name="Scroll Element Into View" library="ExtendedSelenium2Library">
<doc>Scrolls an element from given ``locator`` into view.</doc>
<arguments>
<arg>${ELEMENT}</arg>
</arguments>
<status status="PASS" endtime="20180907 22:20:27.166" starttime="20180907 22:20:26.158"></status>
</kw>
<kw name="Append To List" library="Collections">
<doc>Adds ``values`` to the end of ``list``.</doc>
<arguments>
<arg>${urlList}</arg>
<arg>${ELEMENT.get_attribute('href')}</arg>
</arguments>
<status status="PASS" endtime="20180907 22:20:28.183" starttime="20180907 22:20:27.167"></status>
</kw>
<kw name="Click Element" library="ExtendedSelenium2Library">
<doc>Clicks an element identified by ``locator``.</doc>
<arguments>
<arg>${ELEMENT}</arg>
</arguments>
<msg timestamp="20180907 22:20:28.185" level="INFO">Clicking element '&lt;selenium.webdriver.remote.webelement.WebElement (session="ee7462f6ddc144cde1c62b7a2965d5b7", element="0.7081535903863951-8")&gt;'.</msg>
<status status="PASS" endtime="20180907 22:20:37.943" starttime="20180907 22:20:28.184"></status>
</kw>
<status status="PASS" endtime="20180907 22:20:37.943" starttime="20180907 22:20:21.156"></status>
</kw>
<kw type="foritem" name="${ELEMENT} = &lt;selenium.webdriver.remote.webelement.WebElement (session=&quot;ee7462f6ddc144cde1c62b7a2965d5b7&quot;, element=&quot;0.7081535903863951-9&quot;)&gt;">
<kw name="Sleep" library="BuiltIn">
<doc>Pauses the test executed for the given time.</doc>
<arguments>
<arg>5</arg>
</arguments>
<msg timestamp="20180907 22:20:42.945" level="INFO">Slept 5 seconds</msg>
<status status="PASS" endtime="20180907 22:20:42.946" starttime="20180907 22:20:37.944"></status>
</kw>
<kw name="Scroll Element Into View" library="ExtendedSelenium2Library">
<doc>Scrolls an element from given ``locator`` into view.</doc>
<arguments>
<arg>${ELEMENT}</arg>
</arguments>
<status status="PASS" endtime="20180907 22:20:43.961" starttime="20180907 22:20:42.946"></status>
</kw>
<kw name="Append To List" library="Collections">
<doc>Adds ``values`` to the end of ``list``.</doc>
<arguments>
<arg>${urlList}</arg>
<arg>${ELEMENT.get_attribute('href')}</arg>
</arguments>
<status status="PASS" endtime="20180907 22:20:44.983" starttime="20180907 22:20:43.962"></status>
</kw>
<kw name="Click Element" library="ExtendedSelenium2Library">
<doc>Clicks an element identified by ``locator``.</doc>
<arguments>
<arg>${ELEMENT}</arg>
</arguments>
<msg timestamp="20180907 22:20:44.984" level="INFO">Clicking element '&lt;selenium.webdriver.remote.webelement.WebElement (session="ee7462f6ddc144cde1c62b7a2965d5b7", element="0.7081535903863951-9")&gt;'.</msg>
<status status="PASS" endtime="20180907 22:20:54.762" starttime="20180907 22:20:44.984"></status>
</kw>
<status status="PASS" endtime="20180907 22:20:54.762" starttime="20180907 22:20:37.943"></status>
</kw>
<kw type="foritem" name="${ELEMENT} = &lt;selenium.webdriver.remote.webelement.WebElement (session=&quot;ee7462f6ddc144cde1c62b7a2965d5b7&quot;, element=&quot;0.7081535903863951-10&quot;)&gt;">
<kw name="Sleep" library="BuiltIn">
<doc>Pauses the test executed for the given time.</doc>
<arguments>
<arg>5</arg>
</arguments>
<msg timestamp="20180907 22:20:59.765" level="INFO">Slept 5 seconds</msg>
<status status="PASS" endtime="20180907 22:20:59.765" starttime="20180907 22:20:54.763"></status>
</kw>
<kw name="Scroll Element Into View" library="ExtendedSelenium2Library">
<doc>Scrolls an element from given ``locator`` into view.</doc>
<arguments>
<arg>${ELEMENT}</arg>
</arguments>
<status status="PASS" endtime="20180907 22:21:00.776" starttime="20180907 22:20:59.766"></status>
</kw>
<kw name="Append To List" library="Collections">
<doc>Adds ``values`` to the end of ``list``.</doc>
<arguments>
<arg>${urlList}</arg>
<arg>${ELEMENT.get_attribute('href')}</arg>
</arguments>
<status status="PASS" endtime="20180907 22:21:01.796" starttime="20180907 22:21:00.777"></status>
</kw>
<kw name="Click Element" library="ExtendedSelenium2Library">
<doc>Clicks an element identified by ``locator``.</doc>
<arguments>
<arg>${ELEMENT}</arg>
</arguments>
<msg timestamp="20180907 22:21:01.798" level="INFO">Clicking element '&lt;selenium.webdriver.remote.webelement.WebElement (session="ee7462f6ddc144cde1c62b7a2965d5b7", element="0.7081535903863951-10")&gt;'.</msg>
<status status="PASS" endtime="20180907 22:21:11.643" starttime="20180907 22:21:01.797"></status>
</kw>
<status status="PASS" endtime="20180907 22:21:11.643" starttime="20180907 22:20:54.763"></status>
</kw>
<kw type="foritem" name="${ELEMENT} = &lt;selenium.webdriver.remote.webelement.WebElement (session=&quot;ee7462f6ddc144cde1c62b7a2965d5b7&quot;, element=&quot;0.7081535903863951-11&quot;)&gt;">
<kw name="Sleep" library="BuiltIn">
<doc>Pauses the test executed for the given time.</doc>
<arguments>
<arg>5</arg>
</arguments>
<msg timestamp="20180907 22:21:16.646" level="INFO">Slept 5 seconds</msg>
<status status="PASS" endtime="20180907 22:21:16.647" starttime="20180907 22:21:11.644"></status>
</kw>
<kw name="Scroll Element Into View" library="ExtendedSelenium2Library">
<doc>Scrolls an element from given ``locator`` into view.</doc>
<arguments>
<arg>${ELEMENT}</arg>
</arguments>
<status status="PASS" endtime="20180907 22:21:17.672" starttime="20180907 22:21:16.648"></status>
</kw>
<kw name="Append To List" library="Collections">
<doc>Adds ``values`` to the end of ``list``.</doc>
<arguments>
<arg>${urlList}</arg>
<arg>${ELEMENT.get_attribute('href')}</arg>
</arguments>
<status status="PASS" endtime="20180907 22:21:18.687" starttime="20180907 22:21:17.672"></status>
</kw>
<kw name="Click Element" library="ExtendedSelenium2Library">
<doc>Clicks an element identified by ``locator``.</doc>
<arguments>
<arg>${ELEMENT}</arg>
</arguments>
<msg timestamp="20180907 22:21:18.688" level="INFO">Clicking element '&lt;selenium.webdriver.remote.webelement.WebElement (session="ee7462f6ddc144cde1c62b7a2965d5b7", element="0.7081535903863951-11")&gt;'.</msg>
<status status="PASS" endtime="20180907 22:21:28.485" starttime="20180907 22:21:18.687"></status>
</kw>
<status status="PASS" endtime="20180907 22:21:28.485" starttime="20180907 22:21:11.643"></status>
</kw>
<kw type="foritem" name="${ELEMENT} = &lt;selenium.webdriver.remote.webelement.WebElement (session=&quot;ee7462f6ddc144cde1c62b7a2965d5b7&quot;, element=&quot;0.7081535903863951-12&quot;)&gt;">
<kw name="Sleep" library="BuiltIn">
<doc>Pauses the test executed for the given time.</doc>
<arguments>
<arg>5</arg>
</arguments>
<msg timestamp="20180907 22:21:33.487" level="INFO">Slept 5 seconds</msg>
<status status="PASS" endtime="20180907 22:21:33.487" starttime="20180907 22:21:28.486"></status>
</kw>
<kw name="Scroll Element Into View" library="ExtendedSelenium2Library">
<doc>Scrolls an element from given ``locator`` into view.</doc>
<arguments>
<arg>${ELEMENT}</arg>
</arguments>
<status status="PASS" endtime="20180907 22:21:34.502" starttime="20180907 22:21:33.488"></status>
</kw>
<kw name="Append To List" library="Collections">
<doc>Adds ``values`` to the end of ``list``.</doc>
<arguments>
<arg>${urlList}</arg>
<arg>${ELEMENT.get_attribute('href')}</arg>
</arguments>
<status status="PASS" endtime="20180907 22:21:35.518" starttime="20180907 22:21:34.503"></status>
</kw>
<kw name="Click Element" library="ExtendedSelenium2Library">
<doc>Clicks an element identified by ``locator``.</doc>
<arguments>
<arg>${ELEMENT}</arg>
</arguments>
<msg timestamp="20180907 22:21:35.519" level="INFO">Clicking element '&lt;selenium.webdriver.remote.webelement.WebElement (session="ee7462f6ddc144cde1c62b7a2965d5b7", element="0.7081535903863951-12")&gt;'.</msg>
<status status="PASS" endtime="20180907 22:21:45.228" starttime="20180907 22:21:35.519"></status>
</kw>
<status status="PASS" endtime="20180907 22:21:45.228" starttime="20180907 22:21:28.486"></status>
</kw>
<kw type="foritem" name="${ELEMENT} = &lt;selenium.webdriver.remote.webelement.WebElement (session=&quot;ee7462f6ddc144cde1c62b7a2965d5b7&quot;, element=&quot;0.7081535903863951-13&quot;)&gt;">
<kw name="Sleep" library="BuiltIn">
<doc>Pauses the test executed for the given time.</doc>
<arguments>
<arg>5</arg>
</arguments>
<msg timestamp="20180907 22:21:50.231" level="INFO">Slept 5 seconds</msg>
<status status="PASS" endtime="20180907 22:21:50.231" starttime="20180907 22:21:45.229"></status>
</kw>
<kw name="Scroll Element Into View" library="ExtendedSelenium2Library">
<doc>Scrolls an element from given ``locator`` into view.</doc>
<arguments>
<arg>${ELEMENT}</arg>
</arguments>
<status status="PASS" endtime="20180907 22:21:51.249" starttime="20180907 22:21:50.232"></status>
</kw>
<kw name="Append To List" library="Collections">
<doc>Adds ``values`` to the end of ``list``.</doc>
<arguments>
<arg>${urlList}</arg>
<arg>${ELEMENT.get_attribute('href')}</arg>
</arguments>
<status status="PASS" endtime="20180907 22:21:52.272" starttime="20180907 22:21:51.249"></status>
</kw>
<kw name="Click Element" library="ExtendedSelenium2Library">
<doc>Clicks an element identified by ``locator``.</doc>
<arguments>
<arg>${ELEMENT}</arg>
</arguments>
<msg timestamp="20180907 22:21:52.274" level="INFO">Clicking element '&lt;selenium.webdriver.remote.webelement.WebElement (session="ee7462f6ddc144cde1c62b7a2965d5b7", element="0.7081535903863951-13")&gt;'.</msg>
<status status="PASS" endtime="20180907 22:22:02.044" starttime="20180907 22:21:52.273"></status>
</kw>
<status status="PASS" endtime="20180907 22:22:02.045" starttime="20180907 22:21:45.228"></status>
</kw>
<status status="PASS" endtime="20180907 22:22:02.045" starttime="20180907 22:19:35.433"></status>
</kw>
<kw name="List Windows" library="ExtendedSelenium2Library">
<doc>Return all current window handles as a list</doc>
<assign>
<var>@{Windows_List}</var>
</assign>
<msg timestamp="20180907 22:22:03.052" level="INFO">@{Windows_List} = [ CDwindow-83DBC19215CC319EA0A3632BAEEA0BB0 | CDwindow-F08CCA9DE7EDD28F141218D972E9064E | CDwindow-815881C0D87CBE8497BFACED90F5B0F8 | CDwindow-AF6C900102EA128DD28496D7F2AFBA4A | CDwindow-89AE7426B8CA7...</msg>
<status status="PASS" endtime="20180907 22:22:03.052" starttime="20180907 22:22:02.045"></status>
</kw>
<kw name="Create List" library="BuiltIn">
<doc>Returns a list containing given items.</doc>
<assign>
<var>@{actualUrlList}</var>
</assign>
<msg timestamp="20180907 22:22:03.054" level="INFO">@{actualUrlList} = [ ]</msg>
<status status="PASS" endtime="20180907 22:22:03.054" starttime="20180907 22:22:03.053"></status>
</kw>
<kw type="for" name="${current_window} IN [ @{Windows_List} ]">
<kw type="foritem" name="${current_window} = CDwindow-83DBC19215CC319EA0A3632BAEEA0BB0">
<kw name="Select Window" library="ExtendedSelenium2Library">
<doc>Selects the window matching locator and return previous window handle.</doc>
<arguments>
<arg>${current_window}</arg>
</arguments>
<status status="PASS" endtime="20180907 22:22:07.096" starttime="20180907 22:22:03.055"></status>
</kw>
<kw name="Get Location" library="ExtendedSelenium2Library">
<doc>Returns the current location.</doc>
<assign>
<var>${check_url}</var>
</assign>
<msg timestamp="20180907 22:22:12.661" level="INFO">${check_url} = http://magazine.trivago.com/weekend-getaways-in-arkansas/</msg>
<status status="PASS" endtime="20180907 22:22:12.661" starttime="20180907 22:22:07.097"></status>
</kw>
<kw name="Append To List" library="Collections">
<doc>Adds ``values`` to the end of ``list``.</doc>
<arguments>
<arg>${actualUrlList}</arg>
<arg>${check_url}</arg>
</arguments>
<status status="PASS" endtime="20180907 22:22:12.663" starttime="20180907 22:22:12.661"></status>
</kw>
<status status="PASS" endtime="20180907 22:22:12.663" starttime="20180907 22:22:03.055"></status>
</kw>
<kw type="foritem" name="${current_window} = CDwindow-F08CCA9DE7EDD28F141218D972E9064E">
<kw name="Select Window" library="ExtendedSelenium2Library">
<doc>Selects the window matching locator and return previous window handle.</doc>
<arguments>
<arg>${current_window}</arg>
</arguments>
<status status="PASS" endtime="20180907 22:22:19.729" starttime="20180907 22:22:12.663"></status>
</kw>
<kw name="Get Location" library="ExtendedSelenium2Library">
<doc>Returns the current location.</doc>
<assign>
<var>${check_url}</var>
</assign>
<msg timestamp="20180907 22:22:25.339" level="INFO">${check_url} = https://www.trivago.com/gamaliel-60138/hotel?cip=1110000000003</msg>
<status status="PASS" endtime="20180907 22:22:25.339" starttime="20180907 22:22:19.730"></status>
</kw>
<kw name="Append To List" library="Collections">
<doc>Adds ``values`` to the end of ``list``.</doc>
<arguments>
<arg>${actualUrlList}</arg>
<arg>${check_url}</arg>
</arguments>
<status status="PASS" endtime="20180907 22:22:25.340" starttime="20180907 22:22:25.340"></status>
</kw>
<status status="PASS" endtime="20180907 22:22:25.341" starttime="20180907 22:22:12.663"></status>
</kw>
<kw type="foritem" name="${current_window} = CDwindow-815881C0D87CBE8497BFACED90F5B0F8">
<kw name="Select Window" library="ExtendedSelenium2Library">
<doc>Selects the window matching locator and return previous window handle.</doc>
<arguments>
<arg>${current_window}</arg>
</arguments>
<status status="PASS" endtime="20180907 22:22:35.448" starttime="20180907 22:22:25.341"></status>
</kw>
<kw name="Get Location" library="ExtendedSelenium2Library">
<doc>Returns the current location.</doc>
<assign>
<var>${check_url}</var>
</assign>
<msg timestamp="20180907 22:22:41.049" level="INFO">${check_url} = https://www.trivago.com/hope-60089/hotel?cip=1110000000003</msg>
<status status="PASS" endtime="20180907 22:22:41.049" starttime="20180907 22:22:35.449"></status>
</kw>
<kw name="Append To List" library="Collections">
<doc>Adds ``values`` to the end of ``list``.</doc>
<arguments>
<arg>${actualUrlList}</arg>
<arg>${check_url}</arg>
</arguments>
<status status="PASS" endtime="20180907 22:22:41.050" starttime="20180907 22:22:41.050"></status>
</kw>
<status status="PASS" endtime="20180907 22:22:41.051" starttime="20180907 22:22:25.341"></status>
</kw>
<kw type="foritem" name="${current_window} = CDwindow-AF6C900102EA128DD28496D7F2AFBA4A">
<kw name="Select Window" library="ExtendedSelenium2Library">
<doc>Selects the window matching locator and return previous window handle.</doc>
<arguments>
<arg>${current_window}</arg>
</arguments>
<status status="PASS" endtime="20180907 22:22:54.223" starttime="20180907 22:22:41.051"></status>
</kw>
<kw name="Get Location" library="ExtendedSelenium2Library">
<doc>Returns the current location.</doc>
<assign>
<var>${check_url}</var>
</assign>
<msg timestamp="20180907 22:22:59.801" level="INFO">${check_url} = https://www.trivago.com/mena-60088/hotel?cip=1110000000003</msg>
<status status="PASS" endtime="20180907 22:22:59.801" starttime="20180907 22:22:54.223"></status>
</kw>
<kw name="Append To List" library="Collections">
<doc>Adds ``values`` to the end of ``list``.</doc>
<arguments>
<arg>${actualUrlList}</arg>
<arg>${check_url}</arg>
</arguments>
<status status="PASS" endtime="20180907 22:22:59.803" starttime="20180907 22:22:59.802"></status>
</kw>
<status status="PASS" endtime="20180907 22:22:59.803" starttime="20180907 22:22:41.051"></status>
</kw>
<kw type="foritem" name="${current_window} = CDwindow-89AE7426B8CA7F2660F971C06A900435">
<kw name="Select Window" library="ExtendedSelenium2Library">
<doc>Selects the window matching locator and return previous window handle.</doc>
<arguments>
<arg>${current_window}</arg>
</arguments>
<status status="PASS" endtime="20180907 22:23:16.007" starttime="20180907 22:22:59.804"></status>
</kw>
<kw name="Get Location" library="ExtendedSelenium2Library">
<doc>Returns the current location.</doc>
<assign>
<var>${check_url}</var>
</assign>
<msg timestamp="20180907 22:23:21.608" level="INFO">${check_url} = https://www.trivago.com/little-rock-34279/hotel?cip=1110000000003</msg>
<status status="PASS" endtime="20180907 22:23:21.608" starttime="20180907 22:23:16.008"></status>
</kw>
<kw name="Append To List" library="Collections">
<doc>Adds ``values`` to the end of ``list``.</doc>
<arguments>
<arg>${actualUrlList}</arg>
<arg>${check_url}</arg>
</arguments>
<status status="PASS" endtime="20180907 22:23:21.609" starttime="20180907 22:23:21.608"></status>
</kw>
<status status="PASS" endtime="20180907 22:23:21.609" starttime="20180907 22:22:59.803"></status>
</kw>
<kw type="foritem" name="${current_window} = CDwindow-CD7D9CA3BEF393A9592922E510FB5FEC">
<kw name="Select Window" library="ExtendedSelenium2Library">
<doc>Selects the window matching locator and return previous window handle.</doc>
<arguments>
<arg>${current_window}</arg>
</arguments>
<status status="PASS" endtime="20180907 22:23:40.828" starttime="20180907 22:23:21.609"></status>
</kw>
<kw name="Get Location" library="ExtendedSelenium2Library">
<doc>Returns the current location.</doc>
<assign>
<var>${check_url}</var>
</assign>
<msg timestamp="20180907 22:23:46.431" level="INFO">${check_url} = https://www.trivago.com/hot-springs-34277/hotel?cip=1110000000003</msg>
<status status="PASS" endtime="20180907 22:23:46.431" starttime="20180907 22:23:40.828"></status>
</kw>
<kw name="Append To List" library="Collections">
<doc>Adds ``values`` to the end of ``list``.</doc>
<arguments>
<arg>${actualUrlList}</arg>
<arg>${check_url}</arg>
</arguments>
<status status="PASS" endtime="20180907 22:23:46.433" starttime="20180907 22:23:46.432"></status>
</kw>
<status status="PASS" endtime="20180907 22:23:46.433" starttime="20180907 22:23:21.609"></status>
</kw>
<kw type="foritem" name="${current_window} = CDwindow-731DFC8C2638B72D8C1654D0DB10AD0A">
<kw name="Select Window" library="ExtendedSelenium2Library">
<doc>Selects the window matching locator and return previous window handle.</doc>
<arguments>
<arg>${current_window}</arg>
</arguments>
<status status="PASS" endtime="20180907 22:24:08.681" starttime="20180907 22:23:46.434"></status>
</kw>
<kw name="Get Location" library="ExtendedSelenium2Library">
<doc>Returns the current location.</doc>
<assign>
<var>${check_url}</var>
</assign>
<msg timestamp="20180907 22:24:14.270" level="INFO">${check_url} = https://www.trivago.com/helena-60087/hotel?cip=1110000000003</msg>
<status status="PASS" endtime="20180907 22:24:14.270" starttime="20180907 22:24:08.681"></status>
</kw>
<kw name="Append To List" library="Collections">
<doc>Adds ``values`` to the end of ``list``.</doc>
<arguments>
<arg>${actualUrlList}</arg>
<arg>${check_url}</arg>
</arguments>
<status status="PASS" endtime="20180907 22:24:14.271" starttime="20180907 22:24:14.270"></status>
</kw>
<status status="PASS" endtime="20180907 22:24:14.271" starttime="20180907 22:23:46.433"></status>
</kw>
<kw type="foritem" name="${current_window} = CDwindow-432133B77C57C72192EA910867AC3B30">
<kw name="Select Window" library="ExtendedSelenium2Library">
<doc>Selects the window matching locator and return previous window handle.</doc>
<arguments>
<arg>${current_window}</arg>
</arguments>
<status status="PASS" endtime="20180907 22:24:39.582" starttime="20180907 22:24:14.271"></status>
</kw>
<kw name="Get Location" library="ExtendedSelenium2Library">
<doc>Returns the current location.</doc>
<assign>
<var>${check_url}</var>
</assign>
<msg timestamp="20180907 22:24:45.172" level="INFO">${check_url} = https://www.trivago.com/marshall-60099/hotel?cip=1110000000003</msg>
<status status="PASS" endtime="20180907 22:24:45.172" starttime="20180907 22:24:39.583"></status>
</kw>
<kw name="Append To List" library="Collections">
<doc>Adds ``values`` to the end of ``list``.</doc>
<arguments>
<arg>${actualUrlList}</arg>
<arg>${check_url}</arg>
</arguments>
<status status="PASS" endtime="20180907 22:24:45.173" starttime="20180907 22:24:45.173"></status>
</kw>
<status status="PASS" endtime="20180907 22:24:45.174" starttime="20180907 22:24:14.271"></status>
</kw>
<kw type="foritem" name="${current_window} = CDwindow-9F801D2E9ADE517C8A06D564F2D86EB1">
<kw name="Select Window" library="ExtendedSelenium2Library">
<doc>Selects the window matching locator and return previous window handle.</doc>
<arguments>
<arg>${current_window}</arg>
</arguments>
<status status="PASS" endtime="20180907 22:25:13.487" starttime="20180907 22:24:45.174"></status>
</kw>
<kw name="Get Location" library="ExtendedSelenium2Library">
<doc>Returns the current location.</doc>
<assign>
<var>${check_url}</var>
</assign>
<msg timestamp="20180907 22:25:19.117" level="INFO">${check_url} = https://www.trivago.com/eureka-springs-34274/hotel?cip=1110000000003</msg>
<status status="PASS" endtime="20180907 22:25:19.118" starttime="20180907 22:25:13.487"></status>
</kw>
<kw name="Append To List" library="Collections">
<doc>Adds ``values`` to the end of ``list``.</doc>
<arguments>
<arg>${actualUrlList}</arg>
<arg>${check_url}</arg>
</arguments>
<status status="PASS" endtime="20180907 22:25:19.119" starttime="20180907 22:25:19.118"></status>
</kw>
<status status="PASS" endtime="20180907 22:25:19.119" starttime="20180907 22:24:45.174"></status>
</kw>
<kw type="foritem" name="${current_window} = CDwindow-E8064604E16620C3D64A0E99BEC88C59">
<kw name="Select Window" library="ExtendedSelenium2Library">
<doc>Selects the window matching locator and return previous window handle.</doc>
<arguments>
<arg>${current_window}</arg>
</arguments>
<status status="PASS" endtime="20180907 22:25:50.510" starttime="20180907 22:25:19.120"></status>
</kw>
<kw name="Get Location" library="ExtendedSelenium2Library">
<doc>Returns the current location.</doc>
<assign>
<var>${check_url}</var>
</assign>
<msg timestamp="20180907 22:25:56.135" level="INFO">${check_url} = https://www.trivago.com/bentonville-34272/hotel?cip=1110000000003</msg>
<status status="PASS" endtime="20180907 22:25:56.135" starttime="20180907 22:25:50.510"></status>
</kw>
<kw name="Append To List" library="Collections">
<doc>Adds ``values`` to the end of ``list``.</doc>
<arguments>
<arg>${actualUrlList}</arg>
<arg>${check_url}</arg>
</arguments>
<status status="PASS" endtime="20180907 22:25:56.138" starttime="20180907 22:25:56.137"></status>
</kw>
<status status="PASS" endtime="20180907 22:25:56.138" starttime="20180907 22:25:19.120"></status>
</kw>
<status status="PASS" endtime="20180907 22:25:56.138" starttime="20180907 22:22:03.054"></status>
</kw>
<kw name="List Should Contain Sub List" library="Collections">
<doc>Fails if not all of the elements in ``list2`` are found in ``list1``.</doc>
<arguments>
<arg>${actualUrlList}</arg>
<arg>${urlList}</arg>
</arguments>
<msg timestamp="20180907 22:25:56.140" level="FAIL">Following values were not found from first list: https://www.trivago.com/eureka-springs-34274/hotel/?cip=1110000000003, https://www.trivago.com/marshall-60099/hotel/?cip=1110000000003, https://www.trivago.com/helena-60087/hotel/?cip=1110000000003, https://www.trivago.com/hot-springs-34277/hotel/?cip=1110000000003, https://www.trivago.com/little-rock-34279/hotel/?cip=1110000000003, https://www.trivago.com/mena-60088/hotel/?cip=1110000000003, https://www.trivago.com/hope-60089/hotel/?cip=1110000000003, https://www.trivago.com/gamaliel-60138/hotel/?cip=1110000000003</msg>
<status status="FAIL" endtime="20180907 22:25:56.140" starttime="20180907 22:25:56.138"></status>
</kw>
<kw type="teardown" name="TearDown Steps" library="Common_Keywords">
<kw name="Close Browser" library="ExtendedSelenium2Library">
<doc>Closes the current browser.</doc>
<status status="PASS" endtime="20180907 22:25:57.261" starttime="20180907 22:25:56.142"></status>
</kw>
<status status="PASS" endtime="20180907 22:25:57.261" starttime="20180907 22:25:56.141"></status>
</kw>
<doc>Navigate To First Asset Of Trending Now Section And Verify All Hotels</doc>
<status status="FAIL" endtime="20180907 22:25:57.261" critical="yes" starttime="20180907 22:19:02.620">Following values were not found from first list: https://www.trivago.com/eureka-springs-34274/hotel/?cip=1110000000003, https://www.trivago.com/marshall-60099/hotel/?cip=1110000000003, https://www.trivago.com/helena-60087/hotel/?cip=1110000000003, https://www.trivago.com/hot-springs-34277/hotel/?cip=1110000000003, https://www.trivago.com/little-rock-34279/hotel/?cip=1110000000003, https://www.trivago.com/mena-60088/hotel/?cip=1110000000003, https://www.trivago.com/hope-60089/hotel/?cip=1110000000003, https://www.trivago.com/gamaliel-60138/hotel/?cip=1110000000003</status>
</test>
<status status="FAIL" endtime="20180907 22:25:57.263" starttime="20180907 22:19:02.610"></status>
</suite>
<suite source="/Users/swapan/AutomationFramework/TestCases/tc2_submit_contact.txt" id="s1-s6" name="Tc2 Submit Contact">
<test id="s1-s6-t1" name="TC2 Submit Contact">
<kw type="setup" name="Setting Up" library="Common_Keywords">
<kw name="Open Browser" library="ExtendedSelenium2Library">
<doc>Opens a new browser instance to given URL.</doc>
<arguments>
<arg>${test_URL}</arg>
<arg>${browser}</arg>
</arguments>
<msg timestamp="20180907 22:25:57.276" level="INFO">Opening browser 'Chrome' to base url 'http://magazine.trivago.com/'</msg>
<status status="PASS" endtime="20180907 22:26:13.356" starttime="20180907 22:25:57.275"></status>
</kw>
<kw name="Sleep" library="BuiltIn">
<doc>Pauses the test executed for the given time.</doc>
<arguments>
<arg>6</arg>
</arguments>
<msg timestamp="20180907 22:26:19.358" level="INFO">Slept 6 seconds</msg>
<status status="PASS" endtime="20180907 22:26:19.360" starttime="20180907 22:26:13.357"></status>
</kw>
<kw name="Set Selenium Speed" library="ExtendedSelenium2Library">
<doc>Sets the delay in seconds that is waited after each Selenium command.</doc>
<arguments>
<arg>1s</arg>
</arguments>
<status status="PASS" endtime="20180907 22:26:19.362" starttime="20180907 22:26:19.361"></status>
</kw>
<kw name="Register Keyword To Run On Failure" library="ExtendedSelenium2Library">
<doc>Sets the keyword to execute when a Selenium2Library keyword fails.</doc>
<arguments>
<arg>Failed Steps</arg>
</arguments>
<msg timestamp="20180907 22:26:19.363" level="INFO">Failed Steps will be run on failure.</msg>
<status status="PASS" endtime="20180907 22:26:19.363" starttime="20180907 22:26:19.362"></status>
</kw>
<status status="PASS" endtime="20180907 22:26:19.364" starttime="20180907 22:25:57.275"></status>
</kw>
<kw name="Sleep" library="BuiltIn">
<doc>Pauses the test executed for the given time.</doc>
<arguments>
<arg>2s</arg>
</arguments>
<msg timestamp="20180907 22:26:21.366" level="INFO">Slept 2 seconds</msg>
<status status="PASS" endtime="20180907 22:26:21.366" starttime="20180907 22:26:19.365"></status>
</kw>
<kw name="Wait Until Page Contains Element" library="ExtendedSelenium2Library">
<doc>Waits until element specified with `locator` appears on current page.</doc>
<arguments>
<arg>${Search_xpath}</arg>
<arg>30s</arg>
<arg>${error_mesg} ${Search_xpath}</arg>
</arguments>
<status status="PASS" endtime="20180907 22:26:22.402" starttime="20180907 22:26:21.367"></status>
</kw>
<kw name="Scroll Element Into View" library="ExtendedSelenium2Library">
<doc>Scrolls an element from given ``locator`` into view.</doc>
<arguments>
<arg>${Contact_xpath}</arg>
</arguments>
<msg timestamp="20180907 22:26:22.405" level="INFO">Scrolling element '//a[@href="/contact/"]' into view.</msg>
<status status="PASS" endtime="20180907 22:26:24.455" starttime="20180907 22:26:22.404"></status>
</kw>
<kw name="Wait And Click On Element" library="Common_Keywords">
<doc>Wait till 30 sec and click if element found</doc>
<arguments>
<arg>${Contact_xpath}</arg>
</arguments>
<kw name="Wait Until Page Contains Element" library="ExtendedSelenium2Library">
<doc>Waits until element specified with `locator` appears on current page.</doc>
<arguments>
<arg>${Element_xpath}</arg>
<arg>30s</arg>
<arg>${error_mesg} ${Element_xpath}</arg>
</arguments>
<status status="PASS" endtime="20180907 22:26:25.481" starttime="20180907 22:26:24.457"></status>
</kw>
<kw name="Click Element" library="ExtendedSelenium2Library">
<doc>Clicks an element identified by ``locator``.</doc>
<arguments>
<arg>${Element_xpath}</arg>
</arguments>
<msg timestamp="20180907 22:26:25.482" level="INFO">Clicking element '//a[@href="/contact/"]'.</msg>
<status status="PASS" endtime="20180907 22:26:31.258" starttime="20180907 22:26:25.481"></status>
</kw>
<status status="PASS" endtime="20180907 22:26:31.259" starttime="20180907 22:26:24.456"></status>
</kw>
<kw name="Sleep" library="BuiltIn">
<doc>Pauses the test executed for the given time.</doc>
<arguments>
<arg>4s</arg>
</arguments>
<msg timestamp="20180907 22:26:35.261" level="INFO">Slept 4 seconds</msg>
<status status="PASS" endtime="20180907 22:26:35.262" starttime="20180907 22:26:31.259"></status>
</kw>
<kw name="Select Window" library="ExtendedSelenium2Library">
<doc>Selects the window matching locator and return previous window handle.</doc>
<arguments>
<arg>url=${contact_url}</arg>
</arguments>
<status status="PASS" endtime="20180907 22:26:44.416" starttime="20180907 22:26:35.262"></status>
</kw>
<kw name="Wait Until Page Contains Element" library="ExtendedSelenium2Library">
<doc>Waits until element specified with `locator` appears on current page.</doc>
<arguments>
<arg>${Contact_Mesg_xpath}</arg>
<arg>30s</arg>
<arg>${error_mesg} ${Contact_Mesg_xpath}</arg>
</arguments>
<status status="PASS" endtime="20180907 22:26:45.449" starttime="20180907 22:26:44.417"></status>
</kw>
<kw name="Input Text" library="ExtendedSelenium2Library">
<doc>Types the given `text` into text field identified by `locator`.</doc>
<arguments>
<arg>${Contact_Mesg_xpath}</arg>
<arg>${Contact_Mesg}</arg>
</arguments>
<msg timestamp="20180907 22:26:45.450" level="INFO">Typing text 'I Love Trivago' into text field '//textarea[@class="contact-msg"]'</msg>
<status status="PASS" endtime="20180907 22:26:52.871" starttime="20180907 22:26:45.450"></status>
</kw>
<kw name="Input Text" library="ExtendedSelenium2Library">
<doc>Types the given `text` into text field identified by `locator`.</doc>
<arguments>
<arg>${Contact_FullName_xpath}</arg>
<arg>${full_name}</arg>
</arguments>
<msg timestamp="20180907 22:26:52.873" level="INFO">Typing text 'Swapan Chhabra' into text field '//div/input[@class="contact-input"]'</msg>
<status status="PASS" endtime="20180907 22:27:00.227" starttime="20180907 22:26:52.872"></status>
</kw>
<kw name="Input Text" library="ExtendedSelenium2Library">
<doc>Types the given `text` into text field identified by `locator`.</doc>
<arguments>
<arg>${Contact_Email_xpath}</arg>
<arg>${contact_email}</arg>
</arguments>
<msg timestamp="20180907 22:27:00.229" level="INFO">Typing text 'swapan.chhabra@gmail.com' into text field '//input[@id="contact-email"]'</msg>
<status status="PASS" endtime="20180907 22:27:07.727" starttime="20180907 22:27:00.228"></status>
</kw>
<kw name="Click Element" library="ExtendedSelenium2Library">
<doc>Clicks an element identified by ``locator``.</doc>
<arguments>
<arg>${Contact_SubmitCheckBox_xpath}</arg>
</arguments>
<msg timestamp="20180907 22:27:07.729" level="INFO">Clicking element '//input[@id="confirm"]'.</msg>
<status status="PASS" endtime="20180907 22:27:13.412" starttime="20180907 22:27:07.728"></status>
</kw>
<kw name="Sleep" library="BuiltIn">
<doc>Pauses the test executed for the given time.</doc>
<arguments>
<arg>3s</arg>
</arguments>
<msg timestamp="20180907 22:27:16.414" level="INFO">Slept 3 seconds</msg>
<status status="PASS" endtime="20180907 22:27:16.415" starttime="20180907 22:27:13.412"></status>
</kw>
<kw name="Click Element" library="ExtendedSelenium2Library">
<doc>Clicks an element identified by ``locator``.</doc>
<arguments>
<arg>${Contact_Submit_xpath}</arg>
</arguments>
<msg timestamp="20180907 22:27:16.416" level="INFO">Clicking element '//button[@class="contact-submit"]'.</msg>
<status status="PASS" endtime="20180907 22:27:22.094" starttime="20180907 22:27:16.415"></status>
</kw>
<kw name="Sleep" library="BuiltIn">
<doc>Pauses the test executed for the given time.</doc>
<arguments>
<arg>5s</arg>
</arguments>
<msg timestamp="20180907 22:27:27.097" level="INFO">Slept 5 seconds</msg>
<status status="PASS" endtime="20180907 22:27:27.097" starttime="20180907 22:27:22.095"></status>
</kw>
<kw name="Wait Until Page Contains Element" library="ExtendedSelenium2Library">
<doc>Waits until element specified with `locator` appears on current page.</doc>
<arguments>
<arg>${Message_Sent_xpath}</arg>
<arg>40s</arg>
<arg>${error_mesg} ${Message_Sent_xpath}</arg>
</arguments>
<status status="PASS" endtime="20180907 22:27:28.125" starttime="20180907 22:27:27.098"></status>
</kw>
<kw name="Log" library="BuiltIn">
<doc>Logs the given message with the given level.</doc>
<arguments>
<arg>Contact Submitted Successfully</arg>
</arguments>
<msg timestamp="20180907 22:27:28.127" level="INFO">Contact Submitted Successfully</msg>
<status status="PASS" endtime="20180907 22:27:28.127" starttime="20180907 22:27:28.126"></status>
</kw>
<kw type="teardown" name="TearDown Steps" library="Common_Keywords">
<kw name="Close Browser" library="ExtendedSelenium2Library">
<doc>Closes the current browser.</doc>
<status status="PASS" endtime="20180907 22:27:29.198" starttime="20180907 22:27:28.130"></status>
</kw>
<status status="PASS" endtime="20180907 22:27:29.198" starttime="20180907 22:27:28.128"></status>
</kw>
<doc>Navigate to Contact Form And Verify</doc>
<status status="PASS" endtime="20180907 22:27:29.199" critical="yes" starttime="20180907 22:25:57.274"></status>
</test>
<status status="PASS" endtime="20180907 22:27:29.202" starttime="20180907 22:25:57.265"></status>
</suite>
<status status="FAIL" endtime="20180907 22:27:29.208" starttime="20180907 22:14:21.923"></status>
</suite>
<statistics>
<total>
<stat fail="1" pass="5">Critical Tests</stat>
<stat fail="1" pass="5">All Tests</stat>
</total>
<tag>
</tag>
<suite>
<stat fail="1" id="s1" name="TestCases" pass="5">TestCases</stat>
<stat fail="0" id="s1-s1" name="Tc1 Verify Search" pass="1">TestCases.Tc1 Verify Search</stat>
<stat fail="0" id="s1-s2" name="Tc6 Verify Countries" pass="1">TestCases.Tc6 Verify Countries</stat>
<stat fail="0" id="s1-s3" name="Tc4 Verify Destination" pass="1">TestCases.Tc4 Verify Destination</stat>
<stat fail="0" id="s1-s4" name="Tc3 Verify Newsletter" pass="1">TestCases.Tc3 Verify Newsletter</stat>
<stat fail="1" id="s1-s5" name="Tc5 Verify Trendingnow" pass="0">TestCases.Tc5 Verify Trendingnow</stat>
<stat fail="0" id="s1-s6" name="Tc2 Submit Contact" pass="1">TestCases.Tc2 Submit Contact</stat>
</suite>
</statistics>
<errors>
</errors>
</robot>
