<?xml version="1.0" encoding="UTF-8"?>
<robot generated="20180907 20:53:03.559" generator="Robot 3.0.4 (Python 2.7.10 on darwin)">
<suite source="/Users/swapan/AutomationFramework/TestCases/tc5_verify_trendingnow.txt" id="s1" name="TestCases">
<test id="s1-t1" name="TC5 Navigate To First Article Of Trending Now Section And Verify All Hotels">
<kw type="setup" name="Setting Up" library="Common_Keywords">
<kw name="Open Browser" library="ExtendedSelenium2Library">
<doc>Opens a new browser instance to given URL.</doc>
<arguments>
<arg>${test_URL}</arg>
<arg>${browser}</arg>
</arguments>
<msg timestamp="20180907 20:53:03.850" level="INFO">Opening browser 'Chrome' to base url 'http://magazine.trivago.com/'</msg>
<status status="PASS" endtime="20180907 20:53:37.762" starttime="20180907 20:53:03.850"></status>
</kw>
<kw name="Sleep" library="BuiltIn">
<doc>Pauses the test executed for the given time.</doc>
<arguments>
<arg>6</arg>
</arguments>
<msg timestamp="20180907 20:53:43.763" level="INFO">Slept 6 seconds</msg>
<status status="PASS" endtime="20180907 20:53:43.764" starttime="20180907 20:53:37.762"></status>
</kw>
<kw name="Set Selenium Speed" library="ExtendedSelenium2Library">
<doc>Sets the delay in seconds that is waited after each Selenium command.</doc>
<arguments>
<arg>1s</arg>
</arguments>
<status status="PASS" endtime="20180907 20:53:43.765" starttime="20180907 20:53:43.764"></status>
</kw>
<kw name="Register Keyword To Run On Failure" library="ExtendedSelenium2Library">
<doc>Sets the keyword to execute when a Selenium2Library keyword fails.</doc>
<arguments>
<arg>Failed Steps</arg>
</arguments>
<msg timestamp="20180907 20:53:43.766" level="INFO">Failed Steps will be run on failure.</msg>
<status status="PASS" endtime="20180907 20:53:43.766" starttime="20180907 20:53:43.765"></status>
</kw>
<status status="PASS" endtime="20180907 20:53:43.766" starttime="20180907 20:53:03.849"></status>
</kw>
<kw name="Wait Until Page Contains Element" library="ExtendedSelenium2Library">
<doc>Waits until element specified with `locator` appears on current page.</doc>
<arguments>
<arg>${Search_xpath}</arg>
<arg>30s</arg>
<arg>${error_mesg} ${Search_xpath}</arg>
</arguments>
<status status="PASS" endtime="20180907 20:53:44.803" starttime="20180907 20:53:43.767"></status>
</kw>
<kw name="Scroll Element Into View" library="ExtendedSelenium2Library">
<doc>Scrolls an element from given ``locator`` into view.</doc>
<arguments>
<arg>${Trending_Now_xpath}</arg>
</arguments>
<msg timestamp="20180907 20:53:44.804" level="INFO">Scrolling element '//h2/span[.="Trending Now"]' into view.</msg>
<status status="PASS" endtime="20180907 20:53:46.848" starttime="20180907 20:53:44.803"></status>
</kw>
<kw name="Sleep" library="BuiltIn">
<doc>Pauses the test executed for the given time.</doc>
<arguments>
<arg>2</arg>
</arguments>
<msg timestamp="20180907 20:53:48.850" level="INFO">Slept 2 seconds</msg>
<status status="PASS" endtime="20180907 20:53:48.850" starttime="20180907 20:53:46.849"></status>
</kw>
<kw name="Wait And Click On Element" library="Common_Keywords">
<doc>Wait till 30 sec and click if element found</doc>
<arguments>
<arg>${Trending_Now_Assets_xpath}</arg>
</arguments>
<kw name="Wait Until Page Contains Element" library="ExtendedSelenium2Library">
<doc>Waits until element specified with `locator` appears on current page.</doc>
<arguments>
<arg>${Element_xpath}</arg>
<arg>30s</arg>
<arg>${error_mesg} ${Element_xpath}</arg>
</arguments>
<status status="PASS" endtime="20180907 20:53:49.879" starttime="20180907 20:53:48.852"></status>
</kw>
<kw name="Click Element" library="ExtendedSelenium2Library">
<doc>Clicks an element identified by ``locator``.</doc>
<arguments>
<arg>${Element_xpath}</arg>
</arguments>
<msg timestamp="20180907 20:53:49.880" level="INFO">Clicking element '//div[contains(@class,"recent-article-card")][1]/a'.</msg>
<status status="PASS" endtime="20180907 20:53:55.508" starttime="20180907 20:53:49.879"></status>
</kw>
<status status="PASS" endtime="20180907 20:53:55.508" starttime="20180907 20:53:48.851"></status>
</kw>
<kw name="Get Webelements" library="ExtendedSelenium2Library">
<doc>Returns list of WebElement objects matching locator.</doc>
<arguments>
<arg>${View_Hotel_Btns_xpath}</arg>
</arguments>
<assign>
<var>@{trendingitemsList}</var>
</assign>
<msg timestamp="20180907 20:53:56.541" level="INFO">@{trendingitemsList} = [ &lt;selenium.webdriver.remote.webelement.WebElement (session="081123222984e4ac7513631202e7a2c6", element="0.7426693340017805-5")&gt; | &lt;selenium.webdriver.remote.webelement.WebElement (session="0811232229...</msg>
<status status="PASS" endtime="20180907 20:53:56.541" starttime="20180907 20:53:55.509"></status>
</kw>
<kw name="Create List" library="BuiltIn">
<doc>Returns a list containing given items.</doc>
<assign>
<var>@{urlList}</var>
</assign>
<msg timestamp="20180907 20:53:56.542" level="INFO">@{urlList} = [ ]</msg>
<status status="PASS" endtime="20180907 20:53:56.543" starttime="20180907 20:53:56.542"></status>
</kw>
<kw type="for" name="${ELEMENT} IN [ @{trendingitemsList} ]">
<kw type="foritem" name="${ELEMENT} = &lt;selenium.webdriver.remote.webelement.WebElement (session=&quot;081123222984e4ac7513631202e7a2c6&quot;, element=&quot;0.7426693340017805-5&quot;)&gt;">
<kw name="Sleep" library="BuiltIn">
<doc>Pauses the test executed for the given time.</doc>
<arguments>
<arg>5</arg>
</arguments>
<msg timestamp="20180907 20:54:01.545" level="INFO">Slept 5 seconds</msg>
<status status="PASS" endtime="20180907 20:54:01.545" starttime="20180907 20:53:56.544"></status>
</kw>
<kw name="Scroll Element Into View" library="ExtendedSelenium2Library">
<doc>Scrolls an element from given ``locator`` into view.</doc>
<arguments>
<arg>${ELEMENT}</arg>
</arguments>
<status status="PASS" endtime="20180907 20:54:02.564" starttime="20180907 20:54:01.546"></status>
</kw>
<kw name="Append To List" library="Collections">
<doc>Adds ``values`` to the end of ``list``.</doc>
<arguments>
<arg>${urlList}</arg>
<arg>${ELEMENT.get_attribute('href')}</arg>
</arguments>
<status status="PASS" endtime="20180907 20:54:03.577" starttime="20180907 20:54:02.565"></status>
</kw>
<kw name="Click Element" library="ExtendedSelenium2Library">
<doc>Clicks an element identified by ``locator``.</doc>
<arguments>
<arg>${ELEMENT}</arg>
</arguments>
<msg timestamp="20180907 20:54:03.578" level="INFO">Clicking element '&lt;selenium.webdriver.remote.webelement.WebElement (session="081123222984e4ac7513631202e7a2c6", element="0.7426693340017805-5")&gt;'.</msg>
<status status="PASS" endtime="20180907 20:54:08.310" starttime="20180907 20:54:03.578"></status>
</kw>
<status status="PASS" endtime="20180907 20:54:08.310" starttime="20180907 20:53:56.544"></status>
</kw>
<kw type="foritem" name="${ELEMENT} = &lt;selenium.webdriver.remote.webelement.WebElement (session=&quot;081123222984e4ac7513631202e7a2c6&quot;, element=&quot;0.7426693340017805-6&quot;)&gt;">
<kw name="Sleep" library="BuiltIn">
<doc>Pauses the test executed for the given time.</doc>
<arguments>
<arg>5</arg>
</arguments>
<msg timestamp="20180907 20:54:13.313" level="INFO">Slept 5 seconds</msg>
<status status="PASS" endtime="20180907 20:54:13.314" starttime="20180907 20:54:08.311"></status>
</kw>
<kw name="Scroll Element Into View" library="ExtendedSelenium2Library">
<doc>Scrolls an element from given ``locator`` into view.</doc>
<arguments>
<arg>${ELEMENT}</arg>
</arguments>
<status status="PASS" endtime="20180907 20:54:14.328" starttime="20180907 20:54:13.314"></status>
</kw>
<kw name="Append To List" library="Collections">
<doc>Adds ``values`` to the end of ``list``.</doc>
<arguments>
<arg>${urlList}</arg>
<arg>${ELEMENT.get_attribute('href')}</arg>
</arguments>
<status status="PASS" endtime="20180907 20:54:15.356" starttime="20180907 20:54:14.328"></status>
</kw>
<kw name="Click Element" library="ExtendedSelenium2Library">
<doc>Clicks an element identified by ``locator``.</doc>
<arguments>
<arg>${ELEMENT}</arg>
</arguments>
<msg timestamp="20180907 20:54:15.357" level="INFO">Clicking element '&lt;selenium.webdriver.remote.webelement.WebElement (session="081123222984e4ac7513631202e7a2c6", element="0.7426693340017805-6")&gt;'.</msg>
<status status="PASS" endtime="20180907 20:54:25.096" starttime="20180907 20:54:15.356"></status>
</kw>
<status status="PASS" endtime="20180907 20:54:25.097" starttime="20180907 20:54:08.310"></status>
</kw>
<kw type="foritem" name="${ELEMENT} = &lt;selenium.webdriver.remote.webelement.WebElement (session=&quot;081123222984e4ac7513631202e7a2c6&quot;, element=&quot;0.7426693340017805-7&quot;)&gt;">
<kw name="Sleep" library="BuiltIn">
<doc>Pauses the test executed for the given time.</doc>
<arguments>
<arg>5</arg>
</arguments>
<msg timestamp="20180907 20:54:30.100" level="INFO">Slept 5 seconds</msg>
<status status="PASS" endtime="20180907 20:54:30.100" starttime="20180907 20:54:25.097"></status>
</kw>
<kw name="Scroll Element Into View" library="ExtendedSelenium2Library">
<doc>Scrolls an element from given ``locator`` into view.</doc>
<arguments>
<arg>${ELEMENT}</arg>
</arguments>
<status status="PASS" endtime="20180907 20:54:31.118" starttime="20180907 20:54:30.101"></status>
</kw>
<kw name="Append To List" library="Collections">
<doc>Adds ``values`` to the end of ``list``.</doc>
<arguments>
<arg>${urlList}</arg>
<arg>${ELEMENT.get_attribute('href')}</arg>
</arguments>
<status status="PASS" endtime="20180907 20:54:32.129" starttime="20180907 20:54:31.119"></status>
</kw>
<kw name="Click Element" library="ExtendedSelenium2Library">
<doc>Clicks an element identified by ``locator``.</doc>
<arguments>
<arg>${ELEMENT}</arg>
</arguments>
<msg timestamp="20180907 20:54:32.130" level="INFO">Clicking element '&lt;selenium.webdriver.remote.webelement.WebElement (session="081123222984e4ac7513631202e7a2c6", element="0.7426693340017805-7")&gt;'.</msg>
<status status="PASS" endtime="20180907 20:54:41.874" starttime="20180907 20:54:32.130"></status>
</kw>
<status status="PASS" endtime="20180907 20:54:41.874" starttime="20180907 20:54:25.097"></status>
</kw>
<kw type="foritem" name="${ELEMENT} = &lt;selenium.webdriver.remote.webelement.WebElement (session=&quot;081123222984e4ac7513631202e7a2c6&quot;, element=&quot;0.7426693340017805-8&quot;)&gt;">
<kw name="Sleep" library="BuiltIn">
<doc>Pauses the test executed for the given time.</doc>
<arguments>
<arg>5</arg>
</arguments>
<msg timestamp="20180907 20:54:46.876" level="INFO">Slept 5 seconds</msg>
<status status="PASS" endtime="20180907 20:54:46.876" starttime="20180907 20:54:41.875"></status>
</kw>
<kw name="Scroll Element Into View" library="ExtendedSelenium2Library">
<doc>Scrolls an element from given ``locator`` into view.</doc>
<arguments>
<arg>${ELEMENT}</arg>
</arguments>
<status status="PASS" endtime="20180907 20:54:47.893" starttime="20180907 20:54:46.877"></status>
</kw>
<kw name="Append To List" library="Collections">
<doc>Adds ``values`` to the end of ``list``.</doc>
<arguments>
<arg>${urlList}</arg>
<arg>${ELEMENT.get_attribute('href')}</arg>
</arguments>
<status status="PASS" endtime="20180907 20:54:48.906" starttime="20180907 20:54:47.893"></status>
</kw>
<kw name="Click Element" library="ExtendedSelenium2Library">
<doc>Clicks an element identified by ``locator``.</doc>
<arguments>
<arg>${ELEMENT}</arg>
</arguments>
<msg timestamp="20180907 20:54:48.907" level="INFO">Clicking element '&lt;selenium.webdriver.remote.webelement.WebElement (session="081123222984e4ac7513631202e7a2c6", element="0.7426693340017805-8")&gt;'.</msg>
<status status="PASS" endtime="20180907 20:54:58.608" starttime="20180907 20:54:48.907"></status>
</kw>
<status status="PASS" endtime="20180907 20:54:58.608" starttime="20180907 20:54:41.874"></status>
</kw>
<kw type="foritem" name="${ELEMENT} = &lt;selenium.webdriver.remote.webelement.WebElement (session=&quot;081123222984e4ac7513631202e7a2c6&quot;, element=&quot;0.7426693340017805-9&quot;)&gt;">
<kw name="Sleep" library="BuiltIn">
<doc>Pauses the test executed for the given time.</doc>
<arguments>
<arg>5</arg>
</arguments>
<msg timestamp="20180907 20:55:03.610" level="INFO">Slept 5 seconds</msg>
<status status="PASS" endtime="20180907 20:55:03.611" starttime="20180907 20:54:58.609"></status>
</kw>
<kw name="Scroll Element Into View" library="ExtendedSelenium2Library">
<doc>Scrolls an element from given ``locator`` into view.</doc>
<arguments>
<arg>${ELEMENT}</arg>
</arguments>
<status status="PASS" endtime="20180907 20:55:04.628" starttime="20180907 20:55:03.611"></status>
</kw>
<kw name="Append To List" library="Collections">
<doc>Adds ``values`` to the end of ``list``.</doc>
<arguments>
<arg>${urlList}</arg>
<arg>${ELEMENT.get_attribute('href')}</arg>
</arguments>
<status status="PASS" endtime="20180907 20:55:05.644" starttime="20180907 20:55:04.628"></status>
</kw>
<kw name="Click Element" library="ExtendedSelenium2Library">
<doc>Clicks an element identified by ``locator``.</doc>
<arguments>
<arg>${ELEMENT}</arg>
</arguments>
<msg timestamp="20180907 20:55:05.645" level="INFO">Clicking element '&lt;selenium.webdriver.remote.webelement.WebElement (session="081123222984e4ac7513631202e7a2c6", element="0.7426693340017805-9")&gt;'.</msg>
<status status="PASS" endtime="20180907 20:55:15.528" starttime="20180907 20:55:05.645"></status>
</kw>
<status status="PASS" endtime="20180907 20:55:15.528" starttime="20180907 20:54:58.608"></status>
</kw>
<kw type="foritem" name="${ELEMENT} = &lt;selenium.webdriver.remote.webelement.WebElement (session=&quot;081123222984e4ac7513631202e7a2c6&quot;, element=&quot;0.7426693340017805-10&quot;)&gt;">
<kw name="Sleep" library="BuiltIn">
<doc>Pauses the test executed for the given time.</doc>
<arguments>
<arg>5</arg>
</arguments>
<msg timestamp="20180907 20:55:20.530" level="INFO">Slept 5 seconds</msg>
<status status="PASS" endtime="20180907 20:55:20.530" starttime="20180907 20:55:15.529"></status>
</kw>
<kw name="Scroll Element Into View" library="ExtendedSelenium2Library">
<doc>Scrolls an element from given ``locator`` into view.</doc>
<arguments>
<arg>${ELEMENT}</arg>
</arguments>
<status status="PASS" endtime="20180907 20:55:21.544" starttime="20180907 20:55:20.530"></status>
</kw>
<kw name="Append To List" library="Collections">
<doc>Adds ``values`` to the end of ``list``.</doc>
<arguments>
<arg>${urlList}</arg>
<arg>${ELEMENT.get_attribute('href')}</arg>
</arguments>
<status status="PASS" endtime="20180907 20:55:22.562" starttime="20180907 20:55:21.545"></status>
</kw>
<kw name="Click Element" library="ExtendedSelenium2Library">
<doc>Clicks an element identified by ``locator``.</doc>
<arguments>
<arg>${ELEMENT}</arg>
</arguments>
<msg timestamp="20180907 20:55:22.563" level="INFO">Clicking element '&lt;selenium.webdriver.remote.webelement.WebElement (session="081123222984e4ac7513631202e7a2c6", element="0.7426693340017805-10")&gt;'.</msg>
<status status="PASS" endtime="20180907 20:55:32.295" starttime="20180907 20:55:22.562"></status>
</kw>
<status status="PASS" endtime="20180907 20:55:32.295" starttime="20180907 20:55:15.528"></status>
</kw>
<kw type="foritem" name="${ELEMENT} = &lt;selenium.webdriver.remote.webelement.WebElement (session=&quot;081123222984e4ac7513631202e7a2c6&quot;, element=&quot;0.7426693340017805-11&quot;)&gt;">
<kw name="Sleep" library="BuiltIn">
<doc>Pauses the test executed for the given time.</doc>
<arguments>
<arg>5</arg>
</arguments>
<msg timestamp="20180907 20:55:37.297" level="INFO">Slept 5 seconds</msg>
<status status="PASS" endtime="20180907 20:55:37.297" starttime="20180907 20:55:32.296"></status>
</kw>
<kw name="Scroll Element Into View" library="ExtendedSelenium2Library">
<doc>Scrolls an element from given ``locator`` into view.</doc>
<arguments>
<arg>${ELEMENT}</arg>
</arguments>
<status status="PASS" endtime="20180907 20:55:38.311" starttime="20180907 20:55:37.298"></status>
</kw>
<kw name="Append To List" library="Collections">
<doc>Adds ``values`` to the end of ``list``.</doc>
<arguments>
<arg>${urlList}</arg>
<arg>${ELEMENT.get_attribute('href')}</arg>
</arguments>
<status status="PASS" endtime="20180907 20:55:39.320" starttime="20180907 20:55:38.311"></status>
</kw>
<kw name="Click Element" library="ExtendedSelenium2Library">
<doc>Clicks an element identified by ``locator``.</doc>
<arguments>
<arg>${ELEMENT}</arg>
</arguments>
<msg timestamp="20180907 20:55:39.321" level="INFO">Clicking element '&lt;selenium.webdriver.remote.webelement.WebElement (session="081123222984e4ac7513631202e7a2c6", element="0.7426693340017805-11")&gt;'.</msg>
<status status="PASS" endtime="20180907 20:55:49.019" starttime="20180907 20:55:39.321"></status>
</kw>
<status status="PASS" endtime="20180907 20:55:49.019" starttime="20180907 20:55:32.295"></status>
</kw>
<kw type="foritem" name="${ELEMENT} = &lt;selenium.webdriver.remote.webelement.WebElement (session=&quot;081123222984e4ac7513631202e7a2c6&quot;, element=&quot;0.7426693340017805-12&quot;)&gt;">
<kw name="Sleep" library="BuiltIn">
<doc>Pauses the test executed for the given time.</doc>
<arguments>
<arg>5</arg>
</arguments>
<msg timestamp="20180907 20:55:54.021" level="INFO">Slept 5 seconds</msg>
<status status="PASS" endtime="20180907 20:55:54.022" starttime="20180907 20:55:49.020"></status>
</kw>
<kw name="Scroll Element Into View" library="ExtendedSelenium2Library">
<doc>Scrolls an element from given ``locator`` into view.</doc>
<arguments>
<arg>${ELEMENT}</arg>
</arguments>
<status status="PASS" endtime="20180907 20:55:55.038" starttime="20180907 20:55:54.022"></status>
</kw>
<kw name="Append To List" library="Collections">
<doc>Adds ``values`` to the end of ``list``.</doc>
<arguments>
<arg>${urlList}</arg>
<arg>${ELEMENT.get_attribute('href')}</arg>
</arguments>
<status status="PASS" endtime="20180907 20:55:56.055" starttime="20180907 20:55:55.038"></status>
</kw>
<kw name="Click Element" library="ExtendedSelenium2Library">
<doc>Clicks an element identified by ``locator``.</doc>
<arguments>
<arg>${ELEMENT}</arg>
</arguments>
<msg timestamp="20180907 20:55:56.057" level="INFO">Clicking element '&lt;selenium.webdriver.remote.webelement.WebElement (session="081123222984e4ac7513631202e7a2c6", element="0.7426693340017805-12")&gt;'.</msg>
<status status="PASS" endtime="20180907 20:56:05.755" starttime="20180907 20:55:56.056"></status>
</kw>
<status status="PASS" endtime="20180907 20:56:05.756" starttime="20180907 20:55:49.019"></status>
</kw>
<kw type="foritem" name="${ELEMENT} = &lt;selenium.webdriver.remote.webelement.WebElement (session=&quot;081123222984e4ac7513631202e7a2c6&quot;, element=&quot;0.7426693340017805-13&quot;)&gt;">
<kw name="Sleep" library="BuiltIn">
<doc>Pauses the test executed for the given time.</doc>
<arguments>
<arg>5</arg>
</arguments>
<msg timestamp="20180907 20:56:10.757" level="INFO">Slept 5 seconds</msg>
<status status="PASS" endtime="20180907 20:56:10.758" starttime="20180907 20:56:05.756"></status>
</kw>
<kw name="Scroll Element Into View" library="ExtendedSelenium2Library">
<doc>Scrolls an element from given ``locator`` into view.</doc>
<arguments>
<arg>${ELEMENT}</arg>
</arguments>
<status status="PASS" endtime="20180907 20:56:11.856" starttime="20180907 20:56:10.758"></status>
</kw>
<kw name="Append To List" library="Collections">
<doc>Adds ``values`` to the end of ``list``.</doc>
<arguments>
<arg>${urlList}</arg>
<arg>${ELEMENT.get_attribute('href')}</arg>
</arguments>
<status status="PASS" endtime="20180907 20:56:12.873" starttime="20180907 20:56:11.856"></status>
</kw>
<kw name="Click Element" library="ExtendedSelenium2Library">
<doc>Clicks an element identified by ``locator``.</doc>
<arguments>
<arg>${ELEMENT}</arg>
</arguments>
<msg timestamp="20180907 20:56:12.874" level="INFO">Clicking element '&lt;selenium.webdriver.remote.webelement.WebElement (session="081123222984e4ac7513631202e7a2c6", element="0.7426693340017805-13")&gt;'.</msg>
<status status="PASS" endtime="20180907 20:56:22.539" starttime="20180907 20:56:12.873"></status>
</kw>
<status status="PASS" endtime="20180907 20:56:22.539" starttime="20180907 20:56:05.756"></status>
</kw>
<status status="PASS" endtime="20180907 20:56:22.539" starttime="20180907 20:53:56.543"></status>
</kw>
<kw name="List Windows" library="ExtendedSelenium2Library">
<doc>Return all current window handles as a list</doc>
<assign>
<var>@{Windows_List}</var>
</assign>
<msg timestamp="20180907 20:56:23.556" level="INFO">@{Windows_List} = [ CDwindow-7DD568C724F3491A0C1D44484F0F667C | CDwindow-284BF2603C3B798E8DF1CA78845A6DDA | CDwindow-13541C88EE09E0A9DF62038CDC2CDBE4 | CDwindow-AAC516A8EC697E93162F1A7F0840C190 | CDwindow-1353B1FC74C8B...</msg>
<status status="PASS" endtime="20180907 20:56:23.556" starttime="20180907 20:56:22.540"></status>
</kw>
<kw name="Create List" library="BuiltIn">
<doc>Returns a list containing given items.</doc>
<assign>
<var>@{actualUrlList}</var>
</assign>
<msg timestamp="20180907 20:56:23.558" level="INFO">@{actualUrlList} = [ ]</msg>
<status status="PASS" endtime="20180907 20:56:23.559" starttime="20180907 20:56:23.558"></status>
</kw>
<kw type="for" name="${current_window} IN [ @{Windows_List} ]">
<kw type="foritem" name="${current_window} = CDwindow-7DD568C724F3491A0C1D44484F0F667C">
<kw name="Select Window" library="ExtendedSelenium2Library">
<doc>Selects the window matching locator and return previous window handle.</doc>
<arguments>
<arg>${current_window}</arg>
</arguments>
<status status="PASS" endtime="20180907 20:56:27.615" starttime="20180907 20:56:23.562"></status>
</kw>
<kw name="Get Location" library="ExtendedSelenium2Library">
<doc>Returns the current location.</doc>
<assign>
<var>${check_url}</var>
</assign>
<msg timestamp="20180907 20:56:33.186" level="INFO">${check_url} = http://magazine.trivago.com/weekend-getaways-in-arkansas/</msg>
<status status="PASS" endtime="20180907 20:56:33.186" starttime="20180907 20:56:27.615"></status>
</kw>
<kw name="Append To List" library="Collections">
<doc>Adds ``values`` to the end of ``list``.</doc>
<arguments>
<arg>${actualUrlList}</arg>
<arg>${check_url}</arg>
</arguments>
<status status="PASS" endtime="20180907 20:56:33.187" starttime="20180907 20:56:33.187"></status>
</kw>
<status status="PASS" endtime="20180907 20:56:33.188" starttime="20180907 20:56:23.561"></status>
</kw>
<kw type="foritem" name="${current_window} = CDwindow-284BF2603C3B798E8DF1CA78845A6DDA">
<kw name="Select Window" library="ExtendedSelenium2Library">
<doc>Selects the window matching locator and return previous window handle.</doc>
<arguments>
<arg>${current_window}</arg>
</arguments>
<status status="PASS" endtime="20180907 20:56:40.247" starttime="20180907 20:56:33.188"></status>
</kw>
<kw name="Get Location" library="ExtendedSelenium2Library">
<doc>Returns the current location.</doc>
<assign>
<var>${check_url}</var>
</assign>
<msg timestamp="20180907 20:56:45.856" level="INFO">${check_url} = https://www.trivago.com/gamaliel-60138/hotel?cip=1110000000003</msg>
<status status="PASS" endtime="20180907 20:56:45.857" starttime="20180907 20:56:40.247"></status>
</kw>
<kw name="Append To List" library="Collections">
<doc>Adds ``values`` to the end of ``list``.</doc>
<arguments>
<arg>${actualUrlList}</arg>
<arg>${check_url}</arg>
</arguments>
<status status="PASS" endtime="20180907 20:56:45.858" starttime="20180907 20:56:45.857"></status>
</kw>
<status status="PASS" endtime="20180907 20:56:45.858" starttime="20180907 20:56:33.188"></status>
</kw>
<kw type="foritem" name="${current_window} = CDwindow-13541C88EE09E0A9DF62038CDC2CDBE4">
<kw name="Select Window" library="ExtendedSelenium2Library">
<doc>Selects the window matching locator and return previous window handle.</doc>
<arguments>
<arg>${current_window}</arg>
</arguments>
<status status="PASS" endtime="20180907 20:56:55.965" starttime="20180907 20:56:45.858"></status>
</kw>
<kw name="Get Location" library="ExtendedSelenium2Library">
<doc>Returns the current location.</doc>
<assign>
<var>${check_url}</var>
</assign>
<msg timestamp="20180907 20:57:01.544" level="INFO">${check_url} = https://www.trivago.com/hope-60089/hotel?cip=1110000000003</msg>
<status status="PASS" endtime="20180907 20:57:01.545" starttime="20180907 20:56:55.966"></status>
</kw>
<kw name="Append To List" library="Collections">
<doc>Adds ``values`` to the end of ``list``.</doc>
<arguments>
<arg>${actualUrlList}</arg>
<arg>${check_url}</arg>
</arguments>
<status status="PASS" endtime="20180907 20:57:01.545" starttime="20180907 20:57:01.545"></status>
</kw>
<status status="PASS" endtime="20180907 20:57:01.545" starttime="20180907 20:56:45.858"></status>
</kw>
<kw type="foritem" name="${current_window} = CDwindow-AAC516A8EC697E93162F1A7F0840C190">
<kw name="Select Window" library="ExtendedSelenium2Library">
<doc>Selects the window matching locator and return previous window handle.</doc>
<arguments>
<arg>${current_window}</arg>
</arguments>
<status status="PASS" endtime="20180907 20:57:14.696" starttime="20180907 20:57:01.546"></status>
</kw>
<kw name="Get Location" library="ExtendedSelenium2Library">
<doc>Returns the current location.</doc>
<assign>
<var>${check_url}</var>
</assign>
<msg timestamp="20180907 20:57:20.288" level="INFO">${check_url} = https://www.trivago.com/mena-60088/hotel?cip=1110000000003</msg>
<status status="PASS" endtime="20180907 20:57:20.288" starttime="20180907 20:57:14.697"></status>
</kw>
<kw name="Append To List" library="Collections">
<doc>Adds ``values`` to the end of ``list``.</doc>
<arguments>
<arg>${actualUrlList}</arg>
<arg>${check_url}</arg>
</arguments>
<status status="PASS" endtime="20180907 20:57:20.289" starttime="20180907 20:57:20.288"></status>
</kw>
<status status="PASS" endtime="20180907 20:57:20.289" starttime="20180907 20:57:01.545"></status>
</kw>
<kw type="foritem" name="${current_window} = CDwindow-1353B1FC74C8BD04CFA1C064026CCBC8">
<kw name="Select Window" library="ExtendedSelenium2Library">
<doc>Selects the window matching locator and return previous window handle.</doc>
<arguments>
<arg>${current_window}</arg>
</arguments>
<status status="PASS" endtime="20180907 20:57:36.459" starttime="20180907 20:57:20.289"></status>
</kw>
<kw name="Get Location" library="ExtendedSelenium2Library">
<doc>Returns the current location.</doc>
<assign>
<var>${check_url}</var>
</assign>
<msg timestamp="20180907 20:57:42.082" level="INFO">${check_url} = https://www.trivago.com/little-rock-34279/hotel?cip=1110000000003</msg>
<status status="PASS" endtime="20180907 20:57:42.082" starttime="20180907 20:57:36.460"></status>
</kw>
<kw name="Append To List" library="Collections">
<doc>Adds ``values`` to the end of ``list``.</doc>
<arguments>
<arg>${actualUrlList}</arg>
<arg>${check_url}</arg>
</arguments>
<status status="PASS" endtime="20180907 20:57:42.083" starttime="20180907 20:57:42.083"></status>
</kw>
<status status="PASS" endtime="20180907 20:57:42.083" starttime="20180907 20:57:20.289"></status>
</kw>
<kw type="foritem" name="${current_window} = CDwindow-33DF0B42220ADA89656B12F94B3A4056">
<kw name="Select Window" library="ExtendedSelenium2Library">
<doc>Selects the window matching locator and return previous window handle.</doc>
<arguments>
<arg>${current_window}</arg>
</arguments>
<status status="PASS" endtime="20180907 20:58:01.306" starttime="20180907 20:57:42.084"></status>
</kw>
<kw name="Get Location" library="ExtendedSelenium2Library">
<doc>Returns the current location.</doc>
<assign>
<var>${check_url}</var>
</assign>
<msg timestamp="20180907 20:58:06.894" level="INFO">${check_url} = https://www.trivago.com/hot-springs-34277/hotel?cip=1110000000003</msg>
<status status="PASS" endtime="20180907 20:58:06.894" starttime="20180907 20:58:01.306"></status>
</kw>
<kw name="Append To List" library="Collections">
<doc>Adds ``values`` to the end of ``list``.</doc>
<arguments>
<arg>${actualUrlList}</arg>
<arg>${check_url}</arg>
</arguments>
<status status="PASS" endtime="20180907 20:58:06.896" starttime="20180907 20:58:06.895"></status>
</kw>
<status status="PASS" endtime="20180907 20:58:06.896" starttime="20180907 20:57:42.084"></status>
</kw>
<kw type="foritem" name="${current_window} = CDwindow-FBF1B6C413ECDDAE8D9EF1101E8B9A48">
<kw name="Select Window" library="ExtendedSelenium2Library">
<doc>Selects the window matching locator and return previous window handle.</doc>
<arguments>
<arg>${current_window}</arg>
</arguments>
<status status="PASS" endtime="20180907 20:58:29.157" starttime="20180907 20:58:06.896"></status>
</kw>
<kw name="Get Location" library="ExtendedSelenium2Library">
<doc>Returns the current location.</doc>
<assign>
<var>${check_url}</var>
</assign>
<msg timestamp="20180907 20:58:34.754" level="INFO">${check_url} = https://www.trivago.com/helena-60087/hotel?cip=1110000000003</msg>
<status status="PASS" endtime="20180907 20:58:34.754" starttime="20180907 20:58:29.158"></status>
</kw>
<kw name="Append To List" library="Collections">
<doc>Adds ``values`` to the end of ``list``.</doc>
<arguments>
<arg>${actualUrlList}</arg>
<arg>${check_url}</arg>
</arguments>
<status status="PASS" endtime="20180907 20:58:34.755" starttime="20180907 20:58:34.754"></status>
</kw>
<status status="PASS" endtime="20180907 20:58:34.755" starttime="20180907 20:58:06.896"></status>
</kw>
<kw type="foritem" name="${current_window} = CDwindow-1FEC637FC6AD9908A052B1719AA9D62A">
<kw name="Select Window" library="ExtendedSelenium2Library">
<doc>Selects the window matching locator and return previous window handle.</doc>
<arguments>
<arg>${current_window}</arg>
</arguments>
<status status="PASS" endtime="20180907 20:59:00.831" starttime="20180907 20:58:34.756"></status>
</kw>
<kw name="Get Location" library="ExtendedSelenium2Library">
<doc>Returns the current location.</doc>
<assign>
<var>${check_url}</var>
</assign>
<msg timestamp="20180907 20:59:06.413" level="INFO">${check_url} = https://www.trivago.com/marshall-60099/hotel?cip=1110000000003</msg>
<status status="PASS" endtime="20180907 20:59:06.413" starttime="20180907 20:59:00.831"></status>
</kw>
<kw name="Append To List" library="Collections">
<doc>Adds ``values`` to the end of ``list``.</doc>
<arguments>
<arg>${actualUrlList}</arg>
<arg>${check_url}</arg>
</arguments>
<status status="PASS" endtime="20180907 20:59:06.414" starttime="20180907 20:59:06.414"></status>
</kw>
<status status="PASS" endtime="20180907 20:59:06.415" starttime="20180907 20:58:34.755"></status>
</kw>
<kw type="foritem" name="${current_window} = CDwindow-8D2AED9D44F143BD6F9EA7EE5BE2B37D">
<kw name="Select Window" library="ExtendedSelenium2Library">
<doc>Selects the window matching locator and return previous window handle.</doc>
<arguments>
<arg>${current_window}</arg>
</arguments>
<status status="PASS" endtime="20180907 20:59:34.729" starttime="20180907 20:59:06.415"></status>
</kw>
<kw name="Get Location" library="ExtendedSelenium2Library">
<doc>Returns the current location.</doc>
<assign>
<var>${check_url}</var>
</assign>
<msg timestamp="20180907 20:59:40.332" level="INFO">${check_url} = https://www.trivago.com/eureka-springs-34274/hotel?cip=1110000000003</msg>
<status status="PASS" endtime="20180907 20:59:40.332" starttime="20180907 20:59:34.730"></status>
</kw>
<kw name="Append To List" library="Collections">
<doc>Adds ``values`` to the end of ``list``.</doc>
<arguments>
<arg>${actualUrlList}</arg>
<arg>${check_url}</arg>
</arguments>
<status status="PASS" endtime="20180907 20:59:40.333" starttime="20180907 20:59:40.332"></status>
</kw>
<status status="PASS" endtime="20180907 20:59:40.333" starttime="20180907 20:59:06.415"></status>
</kw>
<kw type="foritem" name="${current_window} = CDwindow-368D06950B35FE66B4A6139A76408AEE">
<kw name="Select Window" library="ExtendedSelenium2Library">
<doc>Selects the window matching locator and return previous window handle.</doc>
<arguments>
<arg>${current_window}</arg>
</arguments>
<status status="PASS" endtime="20180907 21:00:11.688" starttime="20180907 20:59:40.334"></status>
</kw>
<kw name="Get Location" library="ExtendedSelenium2Library">
<doc>Returns the current location.</doc>
<assign>
<var>${check_url}</var>
</assign>
<msg timestamp="20180907 21:00:17.303" level="INFO">${check_url} = https://www.trivago.com/bentonville-34272/hotel?cip=1110000000003</msg>
<status status="PASS" endtime="20180907 21:00:17.303" starttime="20180907 21:00:11.689"></status>
</kw>
<kw name="Append To List" library="Collections">
<doc>Adds ``values`` to the end of ``list``.</doc>
<arguments>
<arg>${actualUrlList}</arg>
<arg>${check_url}</arg>
</arguments>
<status status="PASS" endtime="20180907 21:00:17.304" starttime="20180907 21:00:17.304"></status>
</kw>
<status status="PASS" endtime="20180907 21:00:17.304" starttime="20180907 20:59:40.333"></status>
</kw>
<status status="PASS" endtime="20180907 21:00:17.305" starttime="20180907 20:56:23.559"></status>
</kw>
<kw name="List Should Contain Sub List" library="Collections">
<doc>Fails if not all of the elements in ``list2`` are found in ``list1``.</doc>
<arguments>
<arg>${actualUrlList}</arg>
<arg>${urlList}</arg>
</arguments>
<msg timestamp="20180907 21:00:17.307" level="FAIL">Following values were not found from first list: https://www.trivago.com/eureka-springs-34274/hotel/?cip=1110000000003, https://www.trivago.com/marshall-60099/hotel/?cip=1110000000003, https://www.trivago.com/helena-60087/hotel/?cip=1110000000003, https://www.trivago.com/hot-springs-34277/hotel/?cip=1110000000003, https://www.trivago.com/little-rock-34279/hotel/?cip=1110000000003, https://www.trivago.com/mena-60088/hotel/?cip=1110000000003, https://www.trivago.com/hope-60089/hotel/?cip=1110000000003, https://www.trivago.com/gamaliel-60138/hotel/?cip=1110000000003</msg>
<status status="FAIL" endtime="20180907 21:00:17.307" starttime="20180907 21:00:17.305"></status>
</kw>
<kw type="teardown" name="TearDown Steps" library="Common_Keywords">
<kw name="Close Browser" library="ExtendedSelenium2Library">
<doc>Closes the current browser.</doc>
<status status="PASS" endtime="20180907 21:00:18.401" starttime="20180907 21:00:17.309"></status>
</kw>
<status status="PASS" endtime="20180907 21:00:18.401" starttime="20180907 21:00:17.308"></status>
</kw>
<doc>Navigate To First Asset Of Trending Now Section And Verify All Hotels</doc>
<status status="FAIL" endtime="20180907 21:00:18.401" critical="yes" starttime="20180907 20:53:03.848">Following values were not found from first list: https://www.trivago.com/eureka-springs-34274/hotel/?cip=1110000000003, https://www.trivago.com/marshall-60099/hotel/?cip=1110000000003, https://www.trivago.com/helena-60087/hotel/?cip=1110000000003, https://www.trivago.com/hot-springs-34277/hotel/?cip=1110000000003, https://www.trivago.com/little-rock-34279/hotel/?cip=1110000000003, https://www.trivago.com/mena-60088/hotel/?cip=1110000000003, https://www.trivago.com/hope-60089/hotel/?cip=1110000000003, https://www.trivago.com/gamaliel-60138/hotel/?cip=1110000000003</status>
</test>
<status status="FAIL" endtime="20180907 21:00:18.404" starttime="20180907 20:53:03.562"></status>
</suite>
<statistics>
<total>
<stat fail="1" pass="0">Critical Tests</stat>
<stat fail="1" pass="0">All Tests</stat>
</total>
<tag>
</tag>
<suite>
<stat fail="1" id="s1" name="TestCases" pass="0">TestCases</stat>
</suite>
</statistics>
<errors>
</errors>
</robot>
