<?xml version="1.0" encoding="UTF-8"?>
<robot generated="20180907 20:14:35.119" generator="Robot 3.0.4 (Python 2.7.10 on darwin)">
<suite source="/Users/swapan/AutomationFramework/TestCases/tc2_submit_contact.txt" id="s1" name="TestCases">
<test id="s1-t1" name="TC2 Submit Contact">
<kw type="setup" name="Setting Up" library="Common_Keywords">
<kw name="Open Browser" library="ExtendedSelenium2Library">
<doc>Opens a new browser instance to given URL.</doc>
<arguments>
<arg>${test_URL}</arg>
<arg>${browser}</arg>
</arguments>
<msg timestamp="20180907 20:14:35.323" level="INFO">Opening browser 'Chrome' to base url 'http://magazine.trivago.com/'</msg>
<status status="PASS" endtime="20180907 20:15:32.398" starttime="20180907 20:14:35.322"></status>
</kw>
<kw name="Sleep" library="BuiltIn">
<doc>Pauses the test executed for the given time.</doc>
<arguments>
<arg>6</arg>
</arguments>
<msg timestamp="20180907 20:15:38.401" level="INFO">Slept 6 seconds</msg>
<status status="PASS" endtime="20180907 20:15:38.401" starttime="20180907 20:15:32.400"></status>
</kw>
<kw name="Set Selenium Speed" library="ExtendedSelenium2Library">
<doc>Sets the delay in seconds that is waited after each Selenium command.</doc>
<arguments>
<arg>1s</arg>
</arguments>
<status status="PASS" endtime="20180907 20:15:38.402" starttime="20180907 20:15:38.402"></status>
</kw>
<kw name="Register Keyword To Run On Failure" library="ExtendedSelenium2Library">
<doc>Sets the keyword to execute when a Selenium2Library keyword fails.</doc>
<arguments>
<arg>Failed Steps</arg>
</arguments>
<msg timestamp="20180907 20:15:38.403" level="INFO">Failed Steps will be run on failure.</msg>
<status status="PASS" endtime="20180907 20:15:38.403" starttime="20180907 20:15:38.403"></status>
</kw>
<status status="PASS" endtime="20180907 20:15:38.404" starttime="20180907 20:14:35.322"></status>
</kw>
<kw name="Sleep" library="BuiltIn">
<doc>Pauses the test executed for the given time.</doc>
<arguments>
<arg>2s</arg>
</arguments>
<msg timestamp="20180907 20:15:40.406" level="INFO">Slept 2 seconds</msg>
<status status="PASS" endtime="20180907 20:15:40.406" starttime="20180907 20:15:38.404"></status>
</kw>
<kw name="Wait Until Page Contains Element" library="ExtendedSelenium2Library">
<doc>Waits until element specified with `locator` appears on current page.</doc>
<arguments>
<arg>${Search_xpath}</arg>
<arg>30s</arg>
<arg>${error_mesg} ${Search_xpath}</arg>
</arguments>
<status status="PASS" endtime="20180907 20:15:41.436" starttime="20180907 20:15:40.406"></status>
</kw>
<kw name="Scroll Element Into View" library="ExtendedSelenium2Library">
<doc>Scrolls an element from given ``locator`` into view.</doc>
<arguments>
<arg>${Contact_xpath}</arg>
</arguments>
<msg timestamp="20180907 20:15:41.437" level="INFO">Scrolling element '//a[@href="/contact/"]' into view.</msg>
<status status="PASS" endtime="20180907 20:15:43.478" starttime="20180907 20:15:41.436"></status>
</kw>
<kw name="Wait And Click On Element" library="Common_Keywords">
<doc>Wait till 30 sec and click if element found</doc>
<arguments>
<arg>${Contact_xpath}</arg>
</arguments>
<kw name="Wait Until Page Contains Element" library="ExtendedSelenium2Library">
<doc>Waits until element specified with `locator` appears on current page.</doc>
<arguments>
<arg>${Element_xpath}</arg>
<arg>30s</arg>
<arg>${error_mesg} ${Element_xpath}</arg>
</arguments>
<status status="PASS" endtime="20180907 20:15:44.496" starttime="20180907 20:15:43.480"></status>
</kw>
<kw name="Click Element" library="ExtendedSelenium2Library">
<doc>Clicks an element identified by ``locator``.</doc>
<arguments>
<arg>${Element_xpath}</arg>
</arguments>
<msg timestamp="20180907 20:15:44.497" level="INFO">Clicking element '//a[@href="/contact/"]'.</msg>
<status status="PASS" endtime="20180907 20:15:50.201" starttime="20180907 20:15:44.497"></status>
</kw>
<status status="PASS" endtime="20180907 20:15:50.201" starttime="20180907 20:15:43.479"></status>
</kw>
<kw name="Sleep" library="BuiltIn">
<doc>Pauses the test executed for the given time.</doc>
<arguments>
<arg>4s</arg>
</arguments>
<msg timestamp="20180907 20:15:54.203" level="INFO">Slept 4 seconds</msg>
<status status="PASS" endtime="20180907 20:15:54.204" starttime="20180907 20:15:50.202"></status>
</kw>
<kw name="Select Window" library="ExtendedSelenium2Library">
<doc>Selects the window matching locator and return previous window handle.</doc>
<arguments>
<arg>url=${contact_url}</arg>
</arguments>
<status status="PASS" endtime="20180907 20:16:03.340" starttime="20180907 20:15:54.204"></status>
</kw>
<kw name="Wait Until Page Contains Element" library="ExtendedSelenium2Library">
<doc>Waits until element specified with `locator` appears on current page.</doc>
<arguments>
<arg>${Contact_Mesg_xpath}</arg>
<arg>30s</arg>
<arg>${error_mesg} ${Contact_Mesg_xpath}</arg>
</arguments>
<status status="PASS" endtime="20180907 20:16:04.369" starttime="20180907 20:16:03.341"></status>
</kw>
<kw name="Input Text" library="ExtendedSelenium2Library">
<doc>Types the given `text` into text field identified by `locator`.</doc>
<arguments>
<arg>${Contact_Mesg_xpath}</arg>
<arg>${Contact_Mesg}</arg>
</arguments>
<msg timestamp="20180907 20:16:04.370" level="INFO">Typing text 'I Love Trivago' into text field '//textarea[@class="contact-msg"]'</msg>
<status status="PASS" endtime="20180907 20:16:11.714" starttime="20180907 20:16:04.369"></status>
</kw>
<kw name="Input Text" library="ExtendedSelenium2Library">
<doc>Types the given `text` into text field identified by `locator`.</doc>
<arguments>
<arg>${Contact_FullName_xpath}</arg>
<arg>${full_name}</arg>
</arguments>
<msg timestamp="20180907 20:16:11.716" level="INFO">Typing text 'Mobile Autotools' into text field '//div/input[@class="contact-input"]'</msg>
<status status="PASS" endtime="20180907 20:16:19.045" starttime="20180907 20:16:11.715"></status>
</kw>
<kw name="Input Text" library="ExtendedSelenium2Library">
<doc>Types the given `text` into text field identified by `locator`.</doc>
<arguments>
<arg>${Contact_Email_xpath}</arg>
<arg>${contact_email}</arg>
</arguments>
<msg timestamp="20180907 20:16:19.046" level="INFO">Typing text 'mobileautotools@gmail.com' into text field '//input[@id="contact-email"]'</msg>
<status status="PASS" endtime="20180907 20:16:26.496" starttime="20180907 20:16:19.045"></status>
</kw>
<kw name="Click Element" library="ExtendedSelenium2Library">
<doc>Clicks an element identified by ``locator``.</doc>
<arguments>
<arg>${Contact_SubmitCheckBox_xpath}</arg>
</arguments>
<msg timestamp="20180907 20:16:26.497" level="INFO">Clicking element '//input[@id="confirm"]'.</msg>
<status status="PASS" endtime="20180907 20:16:32.161" starttime="20180907 20:16:26.496"></status>
</kw>
<kw name="Sleep" library="BuiltIn">
<doc>Pauses the test executed for the given time.</doc>
<arguments>
<arg>2s</arg>
</arguments>
<msg timestamp="20180907 20:16:34.163" level="INFO">Slept 2 seconds</msg>
<status status="PASS" endtime="20180907 20:16:34.163" starttime="20180907 20:16:32.162"></status>
</kw>
<kw name="Click Element" library="ExtendedSelenium2Library">
<doc>Clicks an element identified by ``locator``.</doc>
<arguments>
<arg>${Contact_Submit_xpath}</arg>
</arguments>
<msg timestamp="20180907 20:16:34.164" level="INFO">Clicking element '//button[@class="contact-submit"]'.</msg>
<status status="PASS" endtime="20180907 20:16:39.802" starttime="20180907 20:16:34.164"></status>
</kw>
<kw name="Sleep" library="BuiltIn">
<doc>Pauses the test executed for the given time.</doc>
<arguments>
<arg>2s</arg>
</arguments>
<msg timestamp="20180907 20:16:41.805" level="INFO">Slept 2 seconds</msg>
<status status="PASS" endtime="20180907 20:16:41.805" starttime="20180907 20:16:39.803"></status>
</kw>
<kw name="Wait Until Page Contains Element" library="ExtendedSelenium2Library">
<doc>Waits until element specified with `locator` appears on current page.</doc>
<arguments>
<arg>${Message_Sent_xpath}</arg>
<arg>30s</arg>
<arg>${error_mesg} ${Message_Sent_xpath}</arg>
</arguments>
<status status="PASS" endtime="20180907 20:16:42.830" starttime="20180907 20:16:41.806"></status>
</kw>
<kw name="Log" library="BuiltIn">
<doc>Logs the given message with the given level.</doc>
<arguments>
<arg>Contact Submitted Successfully</arg>
</arguments>
<msg timestamp="20180907 20:16:42.831" level="INFO">Contact Submitted Successfully</msg>
<status status="PASS" endtime="20180907 20:16:42.832" starttime="20180907 20:16:42.831"></status>
</kw>
<kw type="teardown" name="TearDown Steps" library="Common_Keywords">
<kw name="Close Browser" library="ExtendedSelenium2Library">
<doc>Closes the current browser.</doc>
<status status="PASS" endtime="20180907 20:16:43.916" starttime="20180907 20:16:42.834"></status>
</kw>
<status status="PASS" endtime="20180907 20:16:43.917" starttime="20180907 20:16:42.833"></status>
</kw>
<doc>Navigate to Contact Form And Verify</doc>
<status status="PASS" endtime="20180907 20:16:43.917" critical="yes" starttime="20180907 20:14:35.321"></status>
</test>
<status status="PASS" endtime="20180907 20:16:43.921" starttime="20180907 20:14:35.122"></status>
</suite>
<statistics>
<total>
<stat fail="0" pass="1">Critical Tests</stat>
<stat fail="0" pass="1">All Tests</stat>
</total>
<tag>
</tag>
<suite>
<stat fail="0" id="s1" name="TestCases" pass="1">TestCases</stat>
</suite>
</statistics>
<errors>
</errors>
</robot>
